1,Aberdeen,UK,1,85,1224,5713,-207,ABZ,EGPD,UKXX0001,14
2,Abu Dhabi,AE,1,165,2,2442,5452,AUH,OMAA,AEXX0001,245
3,Abuja,NG,1,113,9,917,717,ABV,DXXX,NIXX0022,1005
4,Accra,GH,1,90,21,556,-020,ACC,DGAA,GHXX0001,1562
5,Addis Ababa,ET,1,155,1,902,3875,ADD,HAAB,ETXX0001,1007
6,Adelaide; SA,AU,1,250,8,-3493,13860,ADL,YPAD,ASXX0001,285
7,Agana; GU,GU,1,275,671,1347,14475,GUM,PGUM,USGU0001,2552
8,Ahmadabad,IN,1,190,79,2305,7260,AMD,VAAH,INXX0001,2009
9,Akita,JP,1,235,188,3970,14011,AXT,RJSK,JAXX0001,2553
10,Akron; OH,US,1,35,330,4108,-8149,CAK,KCAK,USOH0008,6007
11,Alborg,DK,1,105,,5705,951,AAL,EKYT,DAXX0002,4000
12,Albuquerque; NM,US,1,10,505,3508,-10665,ABQ,KIKR,USNM0004,390
13,Alexandria; VA,US,1,35,703,3880,-7706,DCA,KDCA,USVA0007,102
14,Algiers,DZ,1,113,2,3677,305,ALG,DAAG,AGXX0001,78
15,Allentown; PA,US,1,35,610,4059,-7546,ABE,KABE,USPA0025,6011
16,Almaty,KZ,1,195,327,4325,7695,ALA,UAAA,KZXX0001,140
17,Amman,JO,1,-2147483582,6,3195,3593,AMM,OJAI,JOXX0002,246
18,Amsterdam,NL,1,110,20,5238,490,AMS,EHAM,NLXX0002,36
19,Anaheim; CA,US,1,4,714,3383,-11791,ANA,KFUL,USCA0027,454
20,Anchorage; AK,US,1,3,907,6121,-14988,ANC,PANC,USAK0012,260
21,Andorra la Vella,AD,1,110,,4251,152,ALV,LFMK,ANXX0001,183
22,Angers,FR,1,105,2,4747,-055,ANE,LFRA,FRXX0137,4026
23,Ankara,TR,1,1000,312,3993,3285,ANK,LTAD,TUXX0002,73
24,Ann Arbor; MI,US,1,35,313,4228,-8373,ARB,KARB,USMI0028,264
25,Antananarivo,MG,1,155,2,-1892,4752,TNR,FMMI,MAXX0002,1022
26,Antwerp,BE,1,105,3,5121,440,ANR,EBAW,BEXX0003,4032
27,Apia,WS,1,1,,-1386,-17174,APW,NSFA,TNXX0001,3074
28,Ashgabat,TM,1,185,312,3795,5838,ASB,UTAA,TXXX0018,247
29,Asmara,ER,1,155,1,1533,3893,ASM,HHAS,ERXX0001,1357
30,Asuncion,PY,1,56,21,-2527,-5764,ASU,SGAS,PAXX0001,7016
31,Athens,GR,1,130,1,3796,2371,ATH,LGAV,GRXX0004,70
32,Atlanta; GA,US,1,35,404,3374,-8439,ATL,KATL,USGA0028,261
33,Auckland,NZ,1,290,9,-3686,17476,AKL,NZAA,NZXX0003,286
34,Austin; TX,US,1,20,512,3028,-9773,AUS,KAUS,USTX0057,394
35,Badajoz,ES,1,105,924,3888,-696,BJZ,LEBZ,SPXX0203,4791
36,Baghdad,IQ,1,158,1,3333,4440,SDA,ORBS,IZXX0008,2047
37,Bakersfield; CA,US,1,4,805,3538,-11900,BFL,KBFL,USCA0062,6037
38,Baku,AZ,1,-2147483584,12,4037,4986,BAK,UBBB,AJXX0001,163
39,Baltimore; MD,US,1,35,410,3929,-7661,BWI,KBWI,USMD0018,395
40,Bamako,ML,1,90,,1265,-799,BKO,GABS,MLXX0001,1042
41,Bandar Seri Begawan,BN,1,215,2,494,11495,BWN,WBSB,BXXX0001,2086
42,Bangalore,IN,1,190,80,1298,7759,BLR,VOBG,INXX0012,2057
43,Bangkok,TH,1,205,2,1373,10052,BKK,VTBD,THXX0002,88
44,Bangui,CF,1,113,,436,1856,BGF,FEFF,CTXX0001,1048
45,Banjul,GM,1,90,,1346,-1659,BJL,GBYD,GAXX0001,1049
46,Barcelona,ES,1,105,93,4138,217,BCN,LEBL,SPXX0015,42
47,Bari,IT,1,110,80,4112,1687,BRI,LIBD,ITXX0003,4073
48,Baton Rouge; LA,US,1,20,504,3045,-9115,BTR,KBTR,USLA0033,274
49,Beaumont; TX,US,1,20,409,3008,-9410,BPT,KBPT,USTX0089,6029
50,Beijing,CN,1,210,10,3991,11637,PEK,ZBAA,CHXX0008,90
51,Beirut,LB,1,-2147483583,1,3389,3551,BEY,OLBA,LEXX0003,249
52,Belem,BR,1,65,91,-145,-4848,BEL,SBBE,BRXX0032,7182
53,Belfast,UK,1,85,1232,5460,-592,BFS,EGAA,UKXX0015,4069
54,Belgrade,CS,1,95,11,4483,2046,BEG,LYBE,YIXX0005,61
55,Belmopan,BZ,1,33,2,1726,-8879,BZE,MZBZ,BHXX0002,6054
56,Belo Horizonte,BR,1,65,31,-1992,-4394,BHZ,SBCF,BRXX0033,7219
57,Bergen,NO,1,110,5,6038,535,BGO,ENBR,NOXX0004,289
58,Berkeley; CA,US,1,4,510,3787,-12227,JBK,KOAK,USCA0087,105
59,Berlin,DE,1,110,30,5248,1329,THF,EDDI,GMXX0007,4097
60,Bern,CH,1,110,31,4695,744,BRN,LSZB,SZXX0006,4689
61,Birmingham,UK,1,85,121,5247,-189,BHX,EGBB,UKXX0018,2
62,Birmingham; AL,US,1,20,205,3352,-8680,BHM,KBHM,USAL0054,6659
63,Bishkek,KG,1,195,3312,4286,7457,FRU,UAFM,KGXX0001,142
64,Bissau,GW,1,90,,1186,-1560,OXB,GGOV,PUXX0001,1079
65,Bogota,CO,1,45,1,460,-7408,BOG,SKBO,COXX0004,295
66,Boise; ID,US,1,10,208,4361,-11620,BOI,KBOI,USID0025,402
67,Bologna,IT,1,110,51,4450,1134,BLQ,LIPE,ITXX0006,4115
68,Bonn,DE,1,110,228,5074,710,BNJ,EDDK,GMXX0010,51
69,Bordeaux,FR,1,105,5,4484,-057,BOD,LFBD,FRXX0016,176
70,Boston; MA,US,1,35,617,4235,-7106,BOS,KBOS,USMA0046,106
71,Bournemouth,UK,1,85,1202,5073,-188,BOH,EGHH,UKXX0021,320
72,Brasilia,BR,1,65,61,-1552,-4755,BSB,SBBR,BRXX0043,7029
73,Bratislava,SK,1,95,7,4815,1711,BTS,LZIB,LOXX0001,4129
74,Brazzaville,CG,1,113,,-427,1529,BZV,FCBB,CFXX0001,125
75,Bremen,DE,1,110,421,5307,882,BRE,EDDW,GMXX0014,4131
76,Brest,FR,1,105,2,4850,-440,BES,LFRB,FRXX0019,177
77,Bridgeport; CT,US,1,35,203,4116,-7320,BDR,KBDR,USCT0019,403
78,Bridgetown,BB,1,55,246,1311,-5961,BGI,TBPB,BBXX0001,292
79,Brisbane; QLD,AU,1,260,7,-2753,15302,BNE,YBBN,ASXX0016,287
80,Brno,CZ,1,95,5,4916,1661,BRQ,LKTB,EZXX0002,4141
81,Brussels,BE,1,105,2,5085,435,BRU,EBBR,BEXX0005,37
82,Bucharest,RO,1,130,1,4443,2610,OTP,LROP,ROXX0003,62
83,Budapest,HU,1,95,1,4748,1911,BUD,LHBP,HUXX0002,59
85,Buenos Aires,AR,1,70,1,-3460,-5844,AEP,SABE,ARBA0009,111
86,Buffalo; NY,US,1,35,716,4279,-7882,BUF,KBUF,USNY0181,406
87,Bujumbura,BI,1,140,2,-337,2936,BJM,HBBA,BYXX0001,1100
88,Cagliari,IT,1,110,70,3923,911,CAG,LIEE,ITXX0010,218
89,Cairo,EG,1,120,2,3005,3123,CAI,HECA,EGXX0004,80
90,Calgary; AB,CA,1,10,403,5101,-11398,YYC,CYYC,CAXX0054,262
91,Cali,CO,1,45,2,345,-7652,CLO,SKCL,COXX0008,7036
92,Canberra,AU,1,255,62,-3533,14913,CBR,YSCB,ASXX0023,288
93,Cape Town,ZA,1,140,21,-3398,1848,CPT,FACT,SFXX0010,81
94,Caracas,VE,1,-2147483573,2,1050,-6690,CCS,SVMI,VEXX0008,112
95,Cardiff,UK,1,85,1222,5147,-317,CWL,EGFF,UKXX0030,4
96,Cedar Rapids; IA,US,1,20,319,4200,-9164,CID,KCID,USIA0138,6102
97,Charlotte; NC,US,1,35,704,3523,-8084,CLT,KCLT,USNC0121,6287
98,Charlottetown; PE,CA,1,50,902,4627,-6316,YYG,CYYG,CAXX0073,6111
99,Chengdu,CN,1,210,28,3065,10406,CTU,ZUUU,CHXX0016,2110
100,Chennai,IN,1,190,44,1307,8025,MAA,VOMM,INXX0202,2112
101,Chiba,JP,1,235,43,3558,14011,NRT,RJAA,JAXX0006,87
102,Chicago; IL,US,1,20,312,4185,-8765,ORD,KORD,USIL0225,6116
103,Chisinau,MD,1,125,2,4703,2884,KIV,LUKK,MDXX0001,4187
104,Chongqing,CN,1,210,23,2957,10656,CKG,ZUCK,CHXX0017,2128
105,Cincinnati; OH,US,1,35,513,3916,-8445,CVG,KCVG,USOH0188,413
106,Cleveland; OH,US,1,35,216,4149,-8169,CLE,KCLE,USOH0195,415
107,Colorado Springs; CO,US,1,10,719,3883,-10482,COS,KCOS,USCO0078,416
108,Columbus; GA,US,1,35,706,3246,-8498,CSG,KCSG,USGA0132,457
109,Columbus; OH,US,1,35,614,3996,-8299,CMH,KCMH,USOH0212,417
110,Conakry,GN,1,90,,955,-1367,CKY,GUCY,GVXX0002,1125
111,Copenhagen,DK,1,105,,5570,1258,CPH,EKCH,DAXX0009,35
112,Cork,IE,1,85,21,5190,-846,ORK,EICK,EIXX0011,211
113,Corpus Christi; TX,US,1,20,512,2780,-9739,CRP,KCRP,USTX0294,419
114,Curitiba,BR,1,65,41,-2543,-4928,CWB,SBCT,BRXX0079,7083
115,Dakar,SN,1,90,,1467,-1744,DKR,GOOY,SGXX0001,119
116,Dallas; TX,US,1,20,214,3279,-9677,DFW,KDFW,USTX0327,263
117,Damascus,SY,1,1007,11,3351,3630,DAM,OSDI,SYXX0004,250
118,Dar es Salaam,TZ,1,155,51,-682,3928,DAR,HTDA,TZXX0001,120
119,Darwin; NT,AU,1,245,89,-1243,13085,DRW,YPDN,ASXX0032,97
120,Dayton; OH,US,1,35,513,3974,-8417,DAY,KDAY,USOH0245,423
121,Delhi,IN,1,190,11,2873,7746,DEL,VIDP,INXX0038,84
122,Denver; CO,US,1,10,303,3976,-10499,DEN,KDEN,USCO0105,104
123,Des Moines; IA,US,1,20,515,4160,-9360,DSM,KDSM,USIA0231,425
124,Detroit; MI,US,1,35,313,4234,-8304,DTW,KDTW,USMI0229,6166
125,Dhaka,BD,1,1001,2,2371,9041,DAC,VGZR,BGXX0003,2156
126,Dijon,FR,1,105,3,4732,504,DIJ,LFSD,FRXX0036,179
127,Djibouti,DJ,1,155,,1159,4315,JIB,HDAM,DJXX0001,1143
128,Doha,QA,1,150,,2530,5151,DOH,OTBD,QAXX0003,2667
129,Dortmund,DE,1,110,231,5150,750,DTM,EDLW,GMXX0024,4232
130,Dresden,DE,1,110,351,5106,1373,DRS,EDDC,GMXX0025,186
131,Dublin,IE,1,85,1,5335,-624,DUB,EIDW,EIXX0014,31
132,Dushanbe,TJ,1,185,3772,3857,6878,DYU,UTDD,TIXX0001,147
133,Dusseldorf,DE,1,110,211,5120,673,DUS,EDDL,GMXX0028,187
134,Edinburgh,UK,1,85,131,5594,-320,EDI,EGPH,UKXX0052,5
135,Edmonton; AB,CA,1,10,403,5355,-11350,YEG,CYEG,CAXX0126,265
136,El Paso; TX,US,1,10,915,3175,-10648,ELP,KELP,USTX0413,6178
137,Erfurt,DE,1,110,361,5099,1103,ERF,EDDE,GMXX0033,4398
138,Eugene; OR,US,1,4,541,4407,-12307,EUG,KEUG,USOR0118,429
139,Evansville; IN,US,1,20,812,3797,-8755,EVV,KEVV,USIN0190,456
140,Florence,IT,1,110,55,4377,1125,FLR,LIRQ,ITXX0028,220
141,Fort Defiance; AZ,US,1,15,520,3590,-10916,,KGUP,USAZ0072,436
142,Fort Lauderdale; FL,US,1,35,954,2612,-8014,FLL,KFLL,USFL0149,432
143,Fort Wayne; IN,US,1,35,219,4113,-8512,FWA,KFWA,USIN0211,497
144,Fort Worth; TX,US,1,20,817,3272,-9732,DFW,KDFW,USTX0474,263
145,Fortaleza,BR,1,65,85,-374,-3852,FOR,SBFZ,BRXX0093,7099
146,Frankfurt,DE,1,110,69,5010,866,FRA,EDDF,GMXX0185,52
147,Freetown,SL,1,90,22,848,-1323,FNA,GFLL,SLXX0001,1175
148,Freiburg,DE,1,110,761,4799,785,QFB,EDTL,GMXX0041,4079
149,Fremont; CA,US,1,4,510,3756,-12200,OAK,KOAK,USCA0403,105
150,Fresno; CA,US,1,4,209,3674,-11977,FAT,KFAT,USCA0406,435
151,Fukuoka,JP,1,235,92,3356,13040,FUK,RJFF,JAXX0009,2182
152,Gaborone,BW,1,140,,-2465,2591,GBE,FBSK,BCXX0001,1177
153,Galway,IE,1,85,91,5327,-905,GWY,EIKN,EIXX0017,209
154,Geneva,CH,1,110,22,4614,604,GVA,LSGG,SZXX0013,39
155,Genova,IT,1,110,10,4442,893,GOA,LIMJ,ITXX0031,221
156,George Town,KY,1,45,345,1933,-8140,CYB,MWCR,CJXX0001,6228
157,Georgetown,GY,1,55,2,680,-5815,GEO,SYCJ,GYXX0001,7102
158,Glasgow,UK,1,85,141,5584,-424,GLA,EGPF,UKXX0061,6
159,Glendale; CA,US,1,4,818,3414,-11825,JGX,KBUR,USCA0423,100
160,Granada,ES,1,105,958,3718,-360,GRX,LEGR,SPXX0040,4664
161,Grand Rapids; MI,US,1,35,616,4295,-8568,GRR,KGRR,USMI0344,439
162,Guadalajara,MX,1,-2147483581,3,2066,-10333,GDL,MMGL,MXJO0043,6317
163,Guangzhou,CN,1,210,20,2312,11323,CAN,ZGGG,CHXX0037,2199
164,Guatemala City,GT,1,33,2,1461,-9055,GUA,MGGT,GTXX0002,6569
165,Haikou,CN,1,210,898,2004,11034,HAK,ZJSY,CHXX0502,2206
166,Halifax; NS,CA,1,50,902,4440,-6334,YHZ,CYHZ,CAXX0183,441
167,Hamburg,DE,1,110,40,5356,1001,HAM,EDDH,GMXX0049,49
168,Hamilton,BM,1,50,441,3229,-6477,BDA,TXKF,BDXX0002,294
169,Hannover,DE,1,110,511,5239,975,HAJ,EDDV,GMXX0051,522
170,Hanoi,VN,1,205,4,2102,10585,HAN,VVNB,VMXX0006,2219
171,Harare,ZW,1,140,4,-1782,3105,HRE,FVHA,ZIXX0004,122
172,Harbin,CN,1,210,451,4575,12662,HRB,ZYHB,CHXX0046,2221
173,Hartford; CT,US,1,35,860,4176,-7268,BDL,KBDL,USCT0094,443
174,Havana,CU,1,1002,7,2313,-8237,HAV,MUHA,CUXX0003,297
175,Helsinki,FI,1,125,9,6010,2453,HEL,EFHK,FIXX0002,4422
176,Hiroshima,JP,1,235,82,3436,13247,HIJ,RJOA,JAXX0018,2227
177,Hobart; TAS,AU,1,265,2,-4284,14729,HBA,YMHB,ASXX0057,3040
178,Hong Kong SAR,CN,1,210,,2244,11409,HKG,VHHH,CHXX0049,2232
179,Honiara,SB,1,280,,-943,15994,HIR,AGGH,BPXX0001,3047
180,Honolulu; HI,US,1,2,808,2130,-15785,HNL,PHNL,USHI0026,267
181,Houston; TX,US,1,20,713,2976,-9536,IAH,KIAH,USTX0617,268
182,Hull; PQ,CA,1,35,819,4527,-7545,YND,CYND,CAXX0194,475
183,Huntsville; AL,US,1,20,205,3471,-8656,HSV,KHSV,USAL0287,400
184,Indianapolis; IN,US,1,35,317,3976,-8615,IND,KIND,USIN0305,269
185,Irkutsk,RU,1,227,3952,5233,10425,IKT,UIII,RSXX0038,2253
186,Islamabad,PK,1,185,51,3371,7309,ISB,OPRN,PKXX0006,2255
187,Istanbul,TR,1,1000,212,4101,2896,IST,LTBA,TUXX0014,74
188,Jackson; MS,US,1,20,601,3229,-9018,JAN,KJAN,USMS0175,467
189,Jacksonville; FL,US,1,35,904,3033,-8165,JAX,KJAX,USFL0228,270
190,Jakarta,ID,1,205,21,-616,10681,CGK,WIII,IDXX0022,150
191,Jerusalem,IL,1,135,2,3178,3521,JRS,LLJR,ISXX0010,4441
192,Kabul,AF,1,175,,3453,6916,KBL,OAKB,AFXX0003,2287
193,Kampala,UG,1,155,41,032,3257,EBB,HUEN,UGXX0002,1163
194,Kanazawa,JP,1,235,762,3656,13665,KMQ,RJNK,JAXX0030,2181
195,Kansas City; KS,US,1,20,913,3911,-9462,KCK,KMKC,USKS0298,103
196,Kansas City; MO,US,1,20,816,3909,-9457,MCI,KMCI,USMO0460,103
197,Karachi,PK,1,185,21,2489,6710,KHI,OPKC,PKXX0008,151
198,Kathmandu,NP,1,193,1,2771,8531,KTM,VNKT,NPXX0002,152
199,Kelowna; BC,CA,1,4,250,4952,-11927,YLW,CYLW,CAXX0216,6414
200,Khartoum,SD,1,1006,11,1558,3252,KRT,HSSS,SUXX0002,123
201,Kiev,UA,1,125,44,5043,3052,IEV,UKKK,UPXX0016,165
202,Kigali,RW,1,140,,-195,3006,KGL,HRYR,RWXX0001,1101
203,Kingston,JM,1,40,876,1796,-7679,KIN,MKJP,JMXX0002,298
204,Kinshasa,CD,1,113,,-431,1532,FIH,FZAA,CGXX0005,125
205,Knoxville; TN,US,1,35,423,3596,-8392,TYS,KTYS,USTN0268,448
206,Kobe,JP,1,235,78,3468,13519,KIX,RJBB,JAXX0040,2351
207,Kochi,JP,1,235,888,3355,13354,KCZ,RJOK,JAXX0052,2227
208,Kolkata (Calcutta),IN,1,190,33,2251,8832,CCU,VECC,INXX0028,145
209,Krasnoyarsk,RU,1,207,3912,5603,9306,KJA,UNAA,RSXX0267,2646
210,Kuala Lumpur,MY,1,215,3,317,10169,KUL,WMKK,MYXX0008,153
211,Kuwait,KW,1,150,,2937,4797,KWI,OKBK,KUXX0003,76
212,Kwangju,KR,1,230,62,3515,12691,KWJ,RKJJ,KSXX0014,2350
213,Kyoto,JP,1,235,75,3498,13577,KIX,RJBB,JAXX0047,2351
214,La Coruña,ES,1,105,981,4336,-840,LCG,LECO,SPXX0189,195
215,La Paz,BO,1,55,2,-1650,-6814,LPB,SLLP,BLXX0006,7137
216,Lansing; MI,US,1,35,517,4272,-8456,LAN,KLAN,USMI0477,6274
217,Laredo; TX,US,1,20,956,2751,-9949,LRD,KLRD,USTX0737,455
218,Las Vegas; NV,US,1,4,702,3617,-11513,LAS,KLAS,USNV0049,108
219,Leipzig,DE,1,110,341,5135,1240,LEJ,EDDP,GMXX0072,188
220,Lexington; KY,US,1,35,606,3804,-8450,LEX,KLEX,USKY1079,451
221,Lhasa,CN,1,210,891,2965,9113,LXA,ZULS,CHXX0080,2360
222,Libreville,GA,1,113,,039,945,LBV,FOOL,GBXX0004,1052
223,Lille,FR,1,105,3,5063,304,LIL,LFQQ,FRXX0052,4561
224,Lilongwe,MW,1,140,,-1398,3377,LLW,FVHA,MIXX0002,1306
225,Lima,PE,1,45,1,-1204,-7705,LIM,SPIM,PEXX0011,113
226,Limerick,IE,1,85,61,5267,-862,LMK,EINN,EIXX0026,215
227,Limoges,FR,1,105,5,4583,126,LIG,LFBL,FRXX0119,4178
228,Lincoln; NE,US,1,20,402,4080,-9666,LNK,KLNK,USNE0283,518
229,Lisbon,PT,1,85,1,3872,-919,LIS,LPPT,POXX0016,4567
230,Little Rock; AR,US,1,20,501,3474,-9228,LIT,KLIT,USAR0336,452
231,Liverpool,UK,1,85,151,5339,-296,LPL,EGGP,UKXX0083,317
232,Ljubljana,SI,1,95,61,4606,1451,LJU,LJLJ,SIXX0002,4574
233,Lome,TG,1,90,,613,123,LFW,DXXX,TOXX0001,1287
234,London,UK,1,85,20,5151,-006,LHR,EGLL,UKXX0085,8
235,Londonderry,UK,1,85,1504,5499,-731,LDY,EGAE,UKXX0086,4586
236,Long Beach; CA,US,1,4,562,3376,-11818,LGB,KLGB,USCA0632,454
237,Los Angeles; CA,US,1,4,213,3405,-11824,LAX,KLAX,USCA0638,100
238,Louisville; KY,US,1,35,502,3825,-8575,LJC,KSDF,USKY1096,456
239,Luanda,AO,1,113,2,-881,1324,LAD,FNLU,AOXX0008,1314
240,Lubbock; TX,US,1,20,806,3357,-10185,LBB,KLBB,USTX0808,6322
241,Lusaka,ZM,1,140,1,-1542,2829,LUN,FLLS,ZAXX0004,1320
242,Luxembourg,LU,1,105,,4960,613,LUX,ELLX,LUXX0003,38
243,Lyon,FR,1,105,4,4576,483,LYS,LFLL,FRXX0055,180
244,Madison; WI,US,1,20,608,4307,-8940,MSN,KMSN,USWI0411,6338
245,Madrid,ES,1,105,91,4040,-368,MAD,LEMD,SPXX0050,43
246,Malabo,GQ,1,113,9,375,878,SSG,FGSL,EKXX0003,1332
247,Malaga,ES,1,105,95,3672,-442,AGP,LEMG,SPXX0052,198
248,Male,MV,1,190,,417,7350,MLE,VRMM,MVXX0001,2380
249,Managua,NI,1,33,2,1215,-8627,MGA,MNMG,NUXX0004,6518
250,Manama,BH,1,150,,2622,5058,BAH,OBBI,BAXX0001,248
251,Manaus,BR,1,-2147483576,92,-313,-6001,MAO,SBEG,BRXX0146,7161
252,Manchester,UK,1,85,161,5347,-223,MAN,EGCC,UKXX0092,9
253,Manila,PH,1,215,2,1460,12098,MNL,RPLL,RPXX0017,2474
254,Maputo,MZ,1,140,1,-2596,3257,MPM,FQMA,MZXX0003,1346
255,Maracaibo,VE,1,-2147483573,61,1065,-7164,MAR,SVMC,VEXX0018,7062
256,Marseille,FR,1,105,4,4329,536,MRS,LFML,FRXX0059,41
257,Maseru,LS,1,140,,-2931,2749,MSU,FXMM,LTXX0001,1355
258,Masqat,OM,1,165,,2360,5854,MCT,OOMS,MUXX0003,2426
259,Mbabane,SZ,1,140,,-2632,3114,QMN,FDMS,WZXX0001,1344
260,Medellin,CO,1,45,4,625,-7558,MDE,SKRG,COXX0020,7172
261,Melbourne; VIC,AU,1,255,3,-3788,14503,MEL,YMML,ASXX0075,94
262,Memphis; TN,US,1,20,901,3514,-9004,MEM,KMEM,USTN0325,461
263,Metz,FR,1,105,3,4912,618,MZM,LFSF,FRXX0064,4678
264,Mexico City,MX,1,-2147483581,5,1945,-9914,MEX,MMMX,MXDF0132,300
265,Miami; FL,US,1,35,305,2577,-8019,MIA,KMIA,USFL0316,432
266,Milan,IT,1,110,2,4547,918,MXP,LIMC,ITXX0042,63
267,Milwaukee; WI,US,1,20,414,4303,-8790,MKE,KMKE,USWI0455,271
268,Minneapolis; MN,US,1,20,612,4498,-9326,MSP,KMSP,USMN0503,272
269,Minsk,BY,1,1008,172,5390,2760,MSQ,UMMS,BOXX0005,166
270,Mobile; AL,US,1,20,334,3069,-8804,MOB,KMOB,USAL0371,462
271,Mogadishu,SO,1,155,1,204,4534,MGQ,HCMM,SOXX0002,1376
272,Monaco,MC,1,105,,4374,741,MCM,LFMN,MNXX0001,181
273,Monrovia,LR,1,90,,630,-1080,MLW,GFLL,LIXX0002,1392
274,Monterrey,MX,1,-2147483581,83,2568,-10030,MTY,MMMY,MXNL0068,6506
275,Montevideo,UY,1,-2147483575,2,-3490,-5617,MVD,SUMU,UYXX0006,302
276,Montreal; PQ,CA,1,35,514,4530,-7334,YUL,CYUL,CAXX0301,273
277,Morioka,JP,1,235,196,3969,14114,HNA,RJCC,JAXX0103,2413
278,Moscow,RU,1,145,95,5574,3758,SVO,UUEE,RSXX0063,58
279,Mumbai,IN,1,190,22,1907,7282,BOM,VABB,INXX0087,144
280,Munich,DE,1,110,89,4813,1157,MUC,EDDM,GMXX0087,53
281,Murmansk,RU,1,145,8152,6897,3308,MMK,ULMM,RSXX0452,4670
282,Nagano,JP,1,235,262,3665,13819,MMJ,RJAF,JAXX0105,2431
283,Nagasaki,JP,1,235,958,3271,12987,NGS,RJFU,JAXX0055,2433
284,Nagoya,JP,1,235,52,3514,13688,NGO,RJNN,JAXX0057,2192
285,Nairobi,KE,1,155,2,-128,3681,NBO,HKJK,KEXX0009,1438
286,Nanjing,CN,1,210,25,3204,11878,NKG,ZSNJ,CHXX0099,2448
287,Naples,IT,1,110,81,4083,1426,NAP,LIRN,ITXX0052,66
288,Nashville; TN,US,1,20,615,3616,-8678,BNA,KBNA,USTN0357,466
289,Nassau,BS,1,35,242,2505,-7734,NAS,MYNN,BFXX0005,303
290,N'Djamena,TD,1,113,51,1210,1505,NDJ,FTTJ,CDXX0003,1423
291,New Orleans; LA,US,1,20,504,2995,-9007,MSY,KMSY,USLA0338,274
292,New York; NY,US,1,35,212,4074,-7399,JFK,KJFK,USNY0996,509
293,Newark; NJ,US,1,35,201,4073,-7417,EWR,KEWR,USNJ0355,101
294,Niamey,NE,1,113,,1351,212,NIM,DRRN,NGXX0003,1429
295,Nicosia,CY,1,130,2,3518,3336,NIC,LCLK,CYXX0005,230
296,Norwich,UK,1,85,1603,5264,129,NWI,EGSH,UKXX0103,24
297,Nouakchott,MR,1,90,,1810,-1595,NKC,GQNN,MRXX0004,1435
298,Novosibirsk,RU,1,201,3832,5502,8293,OVB,UNBB,RSXX0077,2465
299,Nuku'alofa,TO,1,300,,-2113,-17520,TBU,NFTF,TNXX0001,3068
300,Nuuk,GL,1,73,,6419,-5172,GOH,BGGH,GLXX0003,4454
301,Oakland; CA,US,1,4,510,3777,-12221,OAK,KOAK,USCA0791,105
302,Oklahoma City; OK,US,1,20,405,3546,-9752,OKC,KOKC,USOK0400,473
303,Omaha; NE,US,1,20,402,4125,-9593,OMA,KOMA,USNE0363,474
304,Orlando; FL,US,1,35,407,2853,-8138,ORL,KORL,USFL0372,275
305,Osaka,JP,1,235,6,3467,13547,KIX,RJBB,JAXX0071,2351
306,Oshawa; ON,CA,1,35,905,4354,-7851,YOO,CYYZ,CAXX0342,6405
307,Oslo,NO,1,110,2,5991,1073,FBU,ENFB,NOXX0029,32
308,Ottawa; ON,CA,1,35,613,4525,-7540,YOW,CYOW,CAXX0343,475
309,Ouagadougou,BF,1,90,,1236,-153,OUA,DFFD,UVXX0001,1450
310,Overland Park; KS,US,1,20,913,3902,-9466,MCI,KMCI,USKS0450,103
311,Oviedo,ES,1,105,98,4337,-584,OVD,LEAS,SPXX0190,199
312,Palermo,IT,1,110,91,3812,1336,PMO,LICJ,ITXX0055,67
313,Palma de Mallorca,ES,1,105,971,3957,265,PMI,LEPA,SPXX0061,44
314,Panama City,PA,1,45,,901,-7950,PTY,MPTO,PMXX0004,6038
315,Paramaribo,SR,1,70,,583,-5517,PBM,SMJP,NSXX0002,7202
316,Paris,FR,1,105,1,4886,235,CDG,LFPG,FRXX0076,40
317,Pasadena; CA,US,1,4,818,3414,-11814,BUR,KBUR,USCA0840,100
318,Pasadena; TX,US,1,20,713,2969,-9520,IAH,KIAH,USTX1024,268
319,Peoria; IL,US,1,20,309,4069,-8958,PIA,KPIA,USIL0935,6063
320,Perth; WA,AU,1,225,9,-3193,11576,PER,YPPH,ASXX0089,3033
321,Perugia,IT,1,110,75,4311,1238,PEG,LIRZ,ITXX0136,4165
322,Philadelphia; PA,US,1,35,215,3995,-7516,PHL,KPHL,USPA1276,276
323,Phnom Penh,KH,1,205,23,1156,10492,PNH,VDPP,CBXX0001,2624
324,Phoenix; AZ,US,1,15,602,3344,-11207,PHX,KPHX,USAZ0166,277
325,Pisa,IT,1,110,50,4371,1041,PSA,LIRP,ITXX0059,4572
326,Pittsburgh; PA,US,1,35,412,4044,-8000,PIT,KPIT,USPA1290,476
327,Plymouth,UK,1,85,1752,5037,-414,PLH,EGDB,UKXX0112,13
328,Port Louis,MU,1,165,,-2017,5750,MRU,FIMP,MPXX0005,1525
329,Port Moresby,PG,1,275,,-948,14719,POM,AYPY,PPXX0004,3088
330,Port-au-Prince,HT,1,1003,,1853,-7233,PAP,MTPP,HAXX0004,6473
331,Portland; OR,US,1,4,503,4552,-12267,PDX,KPDX,USOR0275,278
332,Porto,PT,1,85,2,4116,-861,OPO,LPPR,POXX0022,201
333,Porto Alegre,BR,1,65,51,-3004,-5122,POA,SBPA,BRXX0186,7222
334,Port-of-Spain,TT,1,55,868,1067,-6151,POS,TTPP,TDXX0002,309
335,Porto-Novo,BJ,1,113,,648,263,COO,DBBB,BNXX0002,1126
336,Prague,CZ,1,95,2,5007,1444,PRG,LKPR,EZXX0012,55
337,Praia,CV,1,83,,1488,-2350,RAI,GVAC,CVXX0002,1380
338,Pretoria,ZA,1,140,12,-2572,2822,PRY,FAWB,SFXX0044,1484
339,Providence; RI,US,1,35,401,4182,-7141,PVD,KPVD,USRI0050,460
340,Puebla de Zaragoza,MX,1,-2147483581,22,1905,-9821,PBC,MMPB,MXPA0070,6364
341,Pusan,KR,1,230,51,3510,12904,PUS,RKPK,KSXX0050,2087
342,Pyongyang,KP,1,230,2,3901,12577,FNJ,ZKPY,KNXX0006,2520
343,Quebec City; PQ,CA,1,35,418,4649,-7113,YQB,CYQB,CAXX0385,279
344,Quito,EC,1,45,2,-022,-7850,UIO,SEQU,ECXX0008,7248
345,Rabat,MA,1,90,7,3402,-683,RBA,GMME,MOXX0007,131
346,Raleigh; NC,US,1,35,919,3577,-7863,RDU,KRDU,USNC0558,6524
347,Recife,BR,1,65,81,-805,-3490,REC,SBRF,BRXX0195,7251
348,Redmond; WA,US,1,4,425,4766,-12212,SEA,KSEA,USWA0367,281
349,Reggio Calabria,IT,1,110,965,3811,1565,REG,LICR,ITXX0097,4321
350,Regina; SK,CA,1,25,306,5030,-10430,YQR,CYQR,CAXX0397,481
351,Reykjavik,IS,1,90,1,6414,-2194,KEF,BIKF,ICXX0002,291
352,Richmond; VA,US,1,35,804,3755,-7746,RIC,KRIC,USVA0652,483
353,Riga,LV,1,125,2,5695,2410,RIX,EVRA,LGXX0004,4834
354,Rio de Janeiro,BR,1,65,21,-2290,-4317,GIG,SBGL,BRXX0201,109
355,Riyadh,SA,1,150,1,2464,4674,RUH,OERK,SAXX0017,257
356,Rockford; IL,US,1,20,815,4227,-8908,RFD,KRFD,USIL1013,6209
357,Rome,IT,1,110,6,4189,1249,FCO,LIRF,ITXX0067,65
358,Roseau,DM,1,55,767,1530,-6139,DOM,TDPD,DOXX0002,6200
359,Roswell; NM,US,1,10,505,3323,-10431,ROW,KROW,USNM0267,6021
360,Rouen,FR,1,105,2,4944,109,URO,LFOP,FRXX0085,4852
361,Sacramento; CA,US,1,4,916,3858,-12149,SAC,KSAC,USCA0967,463
362,Saint John; NB,CA,1,50,506,4520,-6557,YSJ,CYSJ,CAXX0419,6168
363,Saint Louis; MO,US,1,20,314,3862,-9019,STL,KSTL,USMO0787,500
364,Saint Paul; MN,US,1,20,612,4494,-9309,STP,KSTP,USMN0664,272
365,Salt Lake City; UT,US,1,10,801,4075,-11186,SLC,KSLC,USUT0225,280
366,Salvador,BR,1,65,71,-1297,-3850,SSA,SBSV,BRXX3272,7053
367,Salzburg,AT,1,110,662,4780,1305,SZG,LOWS,AUXX0018,138
368,San Antonio; TX,US,1,20,210,2942,-9849,SAT,KSAT,USTX1200,486
369,San Bernardino; CA,US,1,4,909,3412,-11730,SBT,KRAL,USCA0978,454
370,San Diego; CA,US,1,4,619,3271,-11715,SAN,KSAN,USCA0982,487
371,San Francisco; CA,US,1,4,415,3777,-12241,SFO,KSFO,USCA0987,105
372,San Jose,CR,1,33,,993,-8407,SJO,MROC,CSXX0009,524
373,San Jose; CA,US,1,4,408,3733,-12189,SJC,KSJC,USCA0993,105
374,San Salvador,SV,1,33,,1370,-8920,SAL,MSLP,ESXX0001,6298
375,Sana'a,YE,1,155,1,1536,4421,SAH,OYSN,YMXX0005,2560
376,Santa Ana; CA,US,1,4,714,3375,-11785,SNA,KSNA,USCA1016,454
377,Santa Rosa; CA,US,1,4,707,3844,-12275,STS,KSTS,USCA1027,105
378,Santander,ES,1,105,942,4347,-380,SDR,LEXJ,SPXX0072,4875
379,Santiago,CL,1,56,2,-3345,-7067,SCL,SCEL,CIXX0020,7296
380,Santo Domingo,DO,1,55,809,1849,-6989,SDQ,MDSD,DRXX0009,6441
381,Sao Paulo,BR,1,65,11,-2355,-4658,GRU,SBGR,BRXX0232,307
382,Sapporo,JP,1,235,11,4306,14138,CTS,RJCC,JAXX0078,2482
383,Sarajevo,BA,1,100,71,4387,1842,SJJ,LQSA,BKXX0004,169
384,Saskatoon; SK,CA,1,25,306,5209,-10636,YXE,CYXE,CAXX0442,491
385,Savannah; GA,US,1,35,912,3208,-8110,SAV,KSAV,USGA0506,492
386,Seattle; WA,US,1,4,206,4760,-12233,SEA,KSEA,USWA0395,281
387,Sendai,JP,1,235,22,3825,14091,SDJ,RJSS,JAXX0104,2573
388,Seoul,KR,1,230,2,3756,12697,SEL,RKSS,KSXX0037,86
389,Sevilla,ES,1,105,95,3738,-599,SVQ,LEZL,SPXX0074,203
390,Shanghai,CN,1,210,21,3122,12147,SHA,ZSSS,CHXX0116,2577
391,Shreveport; LA,US,1,20,318,3250,-9374,SHV,KSHV,USLA0426,6070
392,Simi Valley; CA,US,1,4,805,3427,-11879,BUR,KBUR,USCA1060,100
393,Singapore,SG,1,215,,128,10384,SIN,WSSS,SNXX0006,89
394,Sioux Falls; SD,US,1,20,605,4355,-9670,FSD,KFSD,USSD0315,496
395,Skopje,MK,1,100,1 91,4200,2147,SKP,LWSK,MKXX0001,4924
396,Sofia,BG,1,125,2,4271,2333,SOF,LBSF,BUXX0005,170
397,South Bend; IN,US,1,35,219,4168,-8625,SBN,KSBN,USIN0624,497
398,Spokane; WA,US,1,4,509,4765,-11742,GEG,KGEG,USWA0422,6613
399,Springfield; IL,US,1,20,217,3980,-8964,SPI,KSPI,USIL1114,6161
400,Springfield; MA,US,1,35,413,4210,-7259,BDL,KBDL,USMA0405,443
401,Springfield; MO,US,1,20,417,3721,-9329,SGF,KSGF,USMO0828,498
402,Sri Jayawardenepura,LK,1,200,1,689,7991,CMB,VCBI,CEXX0004,2136
403,St. Catharines; ON,CA,1,35,905,4311,-7914,YCM,CYSN,CAXX0416,6374
404,St. John's; NF,CA,1,60,709,4704,-5242,YYT,CYYT,CAXX0420,6048
405,St. Petersburg,RU,1,145,812,5993,3029,LED,ULLI,RSXX0091,57
406,St. Petersburg; FL,US,1,35,813,2777,-8267,PIE,KPIE,USFL0438,282
407,Stockholm,SE,1,110,8,5929,1803,ARN,ESSA,SWXX0031,33
408,Stockton; CA,US,1,4,209,3795,-12128,SCK,KSCK,USCA1100,463
409,Strasbourg,FR,1,105,3,4858,777,SXB,LFST,FRXX0095,184
410,Stuttgart,DE,1,110,711,4878,918,STR,EDDS,GMXX0128,189
411,Sucre,BO,1,55,64,-1904,-6526,SRE,SLSU,BLXX0013,7310
412,Sunnyvale; CA,US,1,4,408,3737,-12202,SJC,KSJC,USCA1116,105
413,Suva,FJ,1,285,,-1813,17846,SUV,NFNA,FJXX0009,3057
414,Sydney; NSW,AU,1,255,2,-3396,15112,SYD,YSSY,ASXX0112,93
415,Syracuse; NY,US,1,35,315,4304,-7614,SYR,KSYR,USNY1434,6633
416,Taejon,KR,1,230,42,3633,12743,QTW,RKTF,KSXX0027,2628
417,Taipei,TW,1,220,2,2503,12150,TPE,RCTP,TWXX0021,158
418,Tallinn,EE,1,125,2,5942,2475,TLL,EETN,ENXX0004,4673
419,Tampa; FL,US,1,35,813,2794,-8245,TPA,KTPA,USFL0481,282
420,Taranto,IT,1,110,99,4050,1721,TAR,LIBG,ITXX0158,4976
421,T'bilisi,GE,1,-2147483577,32,4172,4478,TBS,UGGG,GGXX0004,241
422,Tegucigalpa,HN,1,33,,1409,-8721,TGU,MHTG,HOXX0008,6639
423,Tehran,IR,1,160,21,3568,5141,THR,OIII,IRXX0018,258
424,Tel Aviv,IL,1,135,3,3207,3476,TLV,LLBG,ISXX0026,75
425,The Hague,NL,1,110,70,5209,432,HAG,EHRD,NLXX0016,162
426,Thimphu,BT,1,195,,2745,8967,PBH,VIDP,BTXX0002,2151
427,Thunder Bay; ON,CA,1,35,807,4827,-8912,YQT,CYQT,CAXX0498,503
428,Tirana,AL,1,100,42,4133,1983,TIA,LATI,ALXX0002,4997
429,Tokyo,JP,1,235,3,3567,13976,NRT,RJAA,JAXX0085,87
430,Toledo; OH,US,1,35,419,4166,-8355,TOL,KTOL,USOH0953,6650
431,Torino,IT,1,110,11,4507,768,TRN,LIMF,ITXX0081,4051
432,Toronto; ON,CA,1,35,416,4366,-7940,YYZ,CYYZ,CAXX0504,98
433,Torrance; CA,US,1,4,310,3383,-11833,TOA,KTOA,USCA1153,100
434,Tashkent,UZ,1,185,3712,4131,6930,TAS,UTTT,UZXX0004,159
435,Toulouse,FR,1,105,5,4360,143,TLS,LFBO,FRXX0099,5007
436,Tripoli,LY,1,1004,21,3289,1320,TIP,HLLT,LYXX0009,135
437,Tucson; AZ,US,1,15,520,3222,-11092,TUS,KTUS,USAZ0247,6656
438,Tulsa; OK,US,1,20,918,3615,-9599,TUL,KTUL,USOK0537,465
439,Tunis,TN,1,113,1,3681,1018,TUN,DTTA,TSXX0010,79
440,Ulaanbaatar,MN,1,227,1,4793,10691,ULN,ZMUB,MGXX0003,2663
441,Urumqi,CN,1,210,991,4379,8759,URC,ZWWW,CHXX0135,2670
442,Vaduz,LI,1,110,75,4713,954,QVU,EDNY,LSXX0002,5037
443,Valencia,ES,1,105,96,3947,-036,VLC,LEVC,SPXX0082,205
444,Valletta,MT,1,110,,3590,1452,MLA,LMML,MTXX0001,68
445,Vancouver; BC,CA,1,4,604,4915,-12304,YVR,CYVR,CAXX0518,283
446,Vatican City,VA,1,110,6,4190,1245,FCO,LIRF,ITXX0083,65
447,Venice,IT,1,110,41,4544,1232,VCE,LIPZ,ITXX0085,64
448,Veracruz,MX,1,-2147483581,29,1919,-9613,VER,MMVR,MXVZ0116,6673
449,Victoria,SC,1,165,,-462,5545,SEZ,FSIA,SEXX0001,132
450,Vienna,AT,1,110,1,4813,1622,VIE,LOWW,AUXX0025,54
451,Vientiane,LA,1,205,21,1794,10263,VTE,VLVT,LAXX0001,2678
452,Vilnius,LT,1,125,2,5468,2531,VNO,EYVI,LHXX0005,172
453,Vladivostok,RU,1,270,4232,4313,13190,VVO,UHWW,RSXX0116,2683
454,Volgograd,RU,1,1010,8442,4875,4442,VOG,URWW,RSXX0117,5072
455,Waco; TX,US,1,20,254,3133,-9708,ACT,KACT,USTX1413,507
456,Warsaw,PL,1,100,22,5224,2102,WAW,EPWA,PLXX0028,56
457,Washington; DC,US,1,35,202,3889,-7704,IAD,KIAD,USDC0001,102
458,Wellington,NZ,1,290,4,-4126,17477,WLG,NZWN,NZXX0049,95
459,Whitehorse; YT,CA,1,1011,403,6043,-13504,YXY,CYXY,CAXX0540,7411
460,Windhoek,NA,1,-2147483578,61,-2256,1708,WDH,FYWH,WAXX0004,1600
461,Winnipeg; MB,CA,1,20,204,4954,-9707,YWG,CYWG,CAXX0547,284
462,Wuhan,CN,1,210,27,3055,11428,WUH,ZHHH,CHXX0138,2693
463,Xian,CN,1,210,29,3427,10888,SIA,ZLSN,CHXX0141,2697
464,Yakutsk,RU,1,240,411,6203,12972,YKS,UEEE,RSXX0122,2409
465,Yangon,MM,1,203,1,1678,9615,RGN,VYYY,BMXX0005,156
466,Yaounde,CM,1,113,,387,1152,YAO,FKKY,CMXX0008,1605
467,Yekaterinburg,RU,1,180,3432,5685,6061,SVX,USSS,RSXX0123,2170
468,Yellowknife; NT,CA,1,10,403,6228,-11425,YZF,CYZF,CAXX0557,7413
469,Yerevan,AM,1,170,2,4021,4454,EVN,UGEE,AMXX0003,5041
470,Yokohama,JP,1,235,45,3545,13963,NRT,RJAA,JAXX0099,87
471,Zagreb,HR,1,100,1,4581,1596,ZAG,LDZA,HRXX0005,60
472,Zaragoza,ES,1,105,976,4165,-089,ZAZ,LEZG,SPXX0086,517
473,Zurich,CH,1,110,1,4722,832,ZRH,LSZH,SZXX0033,139
474,Outer London,UK,1,85,208,5151,-006,LHR,EGLL,UKXX0085,8
475,Christchurch,NZ,1,290,3,-4353,17262,CHC,NZCH,NZXX0006,96
476,Palm Springs; CA,US,1,4,760,3383,-11654,PSP,KPSP,USCA0828,487
477,Bergerac,FR,1,105,5,4485,050,EGC,LFBE,FRXX0140,176
478,Palmerston North,NZ,1,290,4,-4035,17562,PMR,NZWN,NZXX0061,95
479,St. John's,AG,1,55,,1705,-6180,ANU,TAPA,ACXX0002,293
480,Pago Pago,AS,1,1,,-1427,-17070,PPG,NSTU,USAS0001,3074
481,The Valley,AI,1,55,,1820,-6307,AXA,TQPF,AVXX0001,6459
482,Oranjestad,AW,1,55,,1253,-7003,AUA,TNCA,AAXX0001,6022
483,The Settlement,CX,1,205,,-1050,10567,XCH,YPXM,KTXX0002,150
484,Moroni,KM,1,155,,-1172,4324,HAH,FMCH,CNXX0003,1397
485,Avarua,CK,1,2,,-2120,-15977,RAR,NCRG,CWXX0001,3076
486,Abidjan,CI,1,90,,532,-404,ABJ,DIAP,IVXX0001,1001
487,Stanley,FK,1,900,,-5165,-5777,PSY,SFAL,FKXX0001,304
488,Thorshavn,FO,1,85,,6204,-676,FAE,EKVG,DAXX0041,4493
489,Cayenne,GF,1,70,,491,-5238,CAY,SOCA,FGXX0001,7054
490,Papeete,PF,1,2,,-1753,-14956,PPT,NTAA,FPXX0001,3076
491,Gibraltar,GI,1,105,,3613,-535,GIB,LXGB,GIXX0001,46
492,Saint George's,GD,1,55,,1204,-6174,GND,TGPY,GJXX0001,6155
493,Basse-Terre,GP,1,55,,1599,-6172,PTP,TFFR,GPXX0006,6466
494,Tarawa,KI,1,285,,141,17300,TRW,NGTA,KRXX0002,1556
495,Fort-de-France,MQ,1,55,,1460,-6108,FDF,TFFF,MBXX0001,6200
496,Mamoudzou,YT,1,155,,-1278,4523,DZA,FMCZ,MFXX0001,1406
497,Montserrat,MS,1,55,,1670,-6221,MNI,TRPM,MHXX0001,293
498,Yaren,NR,1,285,,-055,16692,INU,ANAU,NRXX0001,1556
499,Willemstad,AN,1,55,,1220,-6893,CUR,TNCC,NTXX0001,6197
500,Noumea,NC,1,280,,-2227,16645,NOU,NWWW,NCXX0006,3073
501,Alofi,NU,1,1,,-1901,16992,IUE,NIUE,TNXX0001,3090
502,Kingston,NF,1,1005,,-2903,16797,NLK,YSNF,ASXX0336,3073
503,Saipan,MP,1,275,,1520,14572,SPN,PGSN,USMP0001,2552
504,San Juan,PR,1,55,787,1846,-6610,SJU,TJSJ,USPR0087,305
505,Saint-Denis,RE,1,165,,-2087,5547,RUN,FMEE,REXX0002,1493
506,Basseterre,KN,1,55,,1730,-6272,SKB,TKPK,SCXX0001,6247
507,Castries,LC,1,55,,1402,-6100,SLU,TLPC,STXX0001,6678
508,San Marino,SM,1,110,,4392,1247,RMI,LIPR,SMXX0001,222
509,Sao Tome,ST,1,90,,033,673,TMS,FPST,TPXX0001,1471
510,Jamestown,SH,1,90,,-1592,-570,ASI,FHAW,UKXX0191,1538
511,Kingstown,VC,1,55,,1315,-6123,SVD,TVSV,VCXX0002,6678
512,Grytviken,GS,1,902,389,-5427,-3653,MPN,EGYP,SXXX0001,304
513,Dili,TP,1,230,,-852,12584,DIL,WPDL,IDXX0028,7440
514,Grand Turk,TC,1,1009,,2145,-7115,GDT,MBPV,TKXX0001,6345
515,Funafuti,TV,1,285,,-852,17922,FUN,NGFU,TVXX0001,3034
516,Port-Vila,VU,1,280,,-1773,16832,VLI,NVVV,NHXX0002,3090
517,Road Town,VG,1,55,,1842,-6460,EIS,TUPJ,VIXX0001,305
518,Charlotte Amalie,VI,1,55,,1834,-6493,STT,TIST,USVI0006,305
519,Laayoune,EH,1,90,,2713,-1327,EUN,GMML,WIXX0003,1158
520,Las Palmas De Gran Canaria,ES,1,85,,2809,-1545,LPA,GCLP,SPXX0201,197
521,Santa Cruz de Tenerife,ES,1,85,,2846,-1624,TFN,GCXO,SPXX0070,1509
