1,Aberdeen,UK,85,1224,5713,-207,ABZ,EGPD,Europe/London
2,Abu Dhabi,AE,165,2,2442,5452,AUH,OMAA,Asia/Dubai
3,Abuja,NG,113,9,917,717,ABV,DXXX,Africa/Lagos
4,Accra,GH,90,21,556,-20,ACC,DGAA,Africa/Accra
5,Addis Ababa,ET,155,1,902,3875,ADD,HAAB,Africa/Addis_Ababa
6,Adelaide; SA,AU,250,8,-3493,13860,ADL,YPAD,Australia/Adelaide
7,Agana; GU,GU,275,671,1347,14475,GUM,PGUM,Pacific/Guam
8,Ahmadabad,IN,190,79,2305,7260,AMD,VAAH,Asia/Kolkata
9,Akita,JP,235,188,3970,14011,AXT,RJSK,Asia/Tokyo
10,Akron; OH,US,35,330,4108,-8149,CAK,KCAK,America/New_York
11,Alborg,DK,105,,5705,951,AAL,EKYT,Europe/Copenhagen
12,Albuquerque; NM,US,10,505,3508,-10665,ABQ,KIKR,America/Denver
13,Alexandria; VA,US,35,703,3880,-7706,DCA,KDCA,America/New_York
14,Algiers,DZ,113,2,3677,305,ALG,DAAG,Africa/Algiers
15,Allentown; PA,US,35,610,4059,-7546,ABE,KABE,America/New_York
16,Almaty,KZ,195,327,4325,7695,ALA,UAAA,Asia/Almaty
17,Amman,JO,-2147483582,6,3195,3593,AMM,OJAI,Asia/Amman
18,Amsterdam,NL,110,20,5238,490,AMS,EHAM,Europe/Amsterdam
19,Anaheim; CA,US,4,714,3383,-11791,ANA,KFUL,America/Los_Angeles
20,Anchorage; AK,US,3,907,6121,-14988,ANC,PANC,America/Anchorage
21,Andorra la Vella,AD,110,,4251,152,ALV,LFMK,Europe/Andorra
22,Angers,FR,105,2,4747,-55,ANE,LFRA,Europe/Paris
23,Ankara,TR,1000,312,3993,3285,ANK,LTAD,Europe/Istanbul
24,Ann Arbor; MI,US,35,313,4228,-8373,ARB,KARB,America/Detroit
25,Antananarivo,MG,155,2,-1892,4752,TNR,FMMI,Indian/Antananarivo
26,Antwerp,BE,105,3,5121,440,ANR,EBAW,Europe/Brussels
27,Apia,WS,1,,-1386,-17174,APW,NSFA,Pacific/Apia
28,Ashgabat,TM,185,312,3795,5838,ASB,UTAA,Asia/Ashgabat
29,Asmara,ER,155,1,1533,3893,ASM,HHAS,Africa/Asmara
30,Asuncion,PY,56,21,-2527,-5764,ASU,SGAS,America/Asuncion
31,Athens,GR,130,1,3796,2371,ATH,LGAV,Europe/Athens
32,Atlanta; GA,US,35,404,3374,-8439,ATL,KATL,America/New_York
33,Auckland,NZ,290,9,-3686,17476,AKL,NZAA,Pacific/Auckland
34,Austin; TX,US,20,512,3028,-9773,AUS,KAUS,America/Chicago
35,Badajoz,ES,105,924,3888,-696,BJZ,LEBZ,Europe/Madrid
36,Baghdad,IQ,158,1,3333,4440,SDA,ORBS,Asia/Baghdad
37,Bakersfield; CA,US,4,805,3538,-11900,BFL,KBFL,America/Los_Angeles
38,Baku,AZ,-2147483584,12,4037,4986,BAK,UBBB,Asia/Baku
39,Baltimore; MD,US,35,410,3929,-7661,BWI,KBWI,America/New_York
40,Bamako,ML,90,,1265,-799,BKO,GABS,Africa/Bamako
41,Bandar Seri Begawan,BN,215,2,494,11495,BWN,WBSB,Asia/Brunei
42,Bangalore,IN,190,80,1298,7759,BLR,VOBG,Asia/Kolkata
43,Bangkok,TH,205,2,1373,10052,BKK,VTBD,Asia/Bangkok
44,Bangui,CF,113,,436,1856,BGF,FEFF,Africa/Bangui
45,Banjul,GM,90,,1346,-1659,BJL,GBYD,Africa/Banjul
46,Barcelona,ES,105,93,4138,217,BCN,LEBL,Europe/Madrid
47,Bari,IT,110,80,4112,1687,BRI,LIBD,Europe/Rome
48,Baton Rouge; LA,US,20,504,3045,-9115,BTR,KBTR,America/Chicago
49,Beaumont; TX,US,20,409,3008,-9410,BPT,KBPT,America/Chicago
50,Beijing,CN,210,10,3991,11637,PEK,ZBAA,Asia/Shanghai
51,Beirut,LB,-2147483583,1,3389,3551,BEY,OLBA,Asia/Beirut
52,Belem,BR,65,91,-145,-4848,BEL,SBBE,America/Belem
53,Belfast,UK,85,1232,5460,-592,BFS,EGAA,Europe/London
54,Belgrade,CS,95,11,4483,2046,BEG,LYBE,Europe/Belgrade
55,Belmopan,BZ,33,2,1726,-8879,BZE,MZBZ,America/Belize
56,Belo Horizonte,BR,65,31,-1992,-4394,BHZ,SBCF,America/Sao_Paulo
57,Bergen,NO,110,5,6038,535,BGO,ENBR,Europe/Oslo
58,Berkeley; CA,US,4,510,3787,-12227,JBK,KOAK,America/Los_Angeles
59,Berlin,DE,110,30,5248,1329,THF,EDDI,Europe/Berlin
60,Bern,CH,110,31,4695,744,BRN,LSZB,Europe/Zurich
61,Birmingham,UK,85,121,5247,-189,BHX,EGBB,Europe/London
62,Birmingham; AL,US,20,205,3352,-8680,BHM,KBHM,America/Chicago
63,Bishkek,KG,195,3312,4286,7457,FRU,UAFM,Asia/Bishkek
64,Bissau,GW,90,,1186,-1560,OXB,GGOV,Africa/Bissau
65,Bogota,CO,45,1,460,-7408,BOG,SKBO,America/Bogota
66,Boise; ID,US,10,208,4361,-11620,BOI,KBOI,America/Boise
67,Bologna,IT,110,51,4450,1134,BLQ,LIPE,Europe/Rome
68,Bonn,DE,110,228,5074,710,BNJ,EDDK,Europe/Berlin
69,Bordeaux,FR,105,5,4484,-57,BOD,LFBD,Europe/Paris
70,Boston; MA,US,35,617,4235,-7106,BOS,KBOS,America/New_York
71,Bournemouth,UK,85,1202,5073,-188,BOH,EGHH,Europe/London
72,Brasilia,BR,65,61,-1552,-4755,BSB,SBBR,America/Sao_Paulo
73,Bratislava,SK,95,7,4815,1711,BTS,LZIB,Europe/Bratislava
74,Brazzaville,CG,113,,-427,1529,BZV,FCBB,Africa/Brazzaville
75,Bremen,DE,110,421,5307,882,BRE,EDDW,Europe/Berlin
76,Brest,FR,105,2,4850,-440,BES,LFRB,Europe/Paris
77,Bridgeport; CT,US,35,203,4116,-7320,BDR,KBDR,America/New_York
78,Bridgetown,BB,55,246,1311,-5961,BGI,TBPB,America/Barbados
79,Brisbane; QLD,AU,260,7,-2753,15302,BNE,YBBN,Australia/Brisbane
80,Brno,CZ,95,5,4916,1661,BRQ,LKTB,Europe/Prague
81,Brussels,BE,105,2,5085,435,BRU,EBBR,Europe/Brussels
82,Bucharest,RO,130,1,4443,2610,OTP,LROP,Europe/Bucharest
83,Budapest,HU,95,1,4748,1911,BUD,LHBP,Europe/Budapest
85,Buenos Aires,AR,70,1,-3460,-5844,AEP,SABE,America/Argentina/Buenos_Aires
86,Buffalo; NY,US,35,716,4279,-7882,BUF,KBUF,America/New_York
87,Bujumbura,BI,140,2,-337,2936,BJM,HBBA,Africa/Bujumbura
88,Cagliari,IT,110,70,3923,911,CAG,LIEE,Europe/Rome
89,Cairo,EG,120,2,3005,3123,CAI,HECA,Africa/Cairo
90,Calgary; AB,CA,10,403,5101,-11398,YYC,CYYC,America/Edmonton
91,Cali,CO,45,2,345,-7652,CLO,SKCL,America/Bogota
92,Canberra,AU,255,62,-3533,14913,CBR,YSCB,Australia/Sydney
93,Cape Town,ZA,140,21,-3398,1848,CPT,FACT,Africa/Johannesburg
94,Caracas,VE,-2147483573,2,1050,-6690,CCS,SVMI,America/Caracas
95,Cardiff,UK,85,1222,5147,-317,CWL,EGFF,Europe/London
96,Cedar Rapids; IA,US,20,319,4200,-9164,CID,KCID,America/Chicago
97,Charlotte; NC,US,35,704,3523,-8084,CLT,KCLT,America/New_York
98,Charlottetown; PE,CA,50,902,4627,-6316,YYG,CYYG,America/Halifax
99,Chengdu,CN,210,28,3065,10406,CTU,ZUUU,Asia/Shanghai
100,Chennai,IN,190,44,1307,8025,MAA,VOMM,Asia/Kolkata
101,Chiba,JP,235,43,3558,14011,NRT,RJAA,Asia/Tokyo
102,Chicago; IL,US,20,312,4185,-8765,ORD,KORD,America/Chicago
103,Chisinau,MD,125,2,4703,2884,KIV,LUKK,Europe/Chisinau
104,Chongqing,CN,210,23,2957,10656,CKG,ZUCK,Asia/Shanghai
105,Cincinnati; OH,US,35,513,3916,-8445,CVG,KCVG,America/New_York
106,Cleveland; OH,US,35,216,4149,-8169,CLE,KCLE,America/New_York
107,Colorado Springs; CO,US,10,719,3883,-10482,COS,KCOS,America/Denver
108,Columbus; GA,US,35,706,3246,-8498,CSG,KCSG,America/New_York
109,Columbus; OH,US,35,614,3996,-8299,CMH,KCMH,America/New_York
110,Conakry,GN,90,,955,-1367,CKY,GUCY,Africa/Conakry
111,Copenhagen,DK,105,,5570,1258,CPH,EKCH,Europe/Copenhagen
112,Cork,IE,85,21,5190,-846,ORK,EICK,Europe/Dublin
113,Corpus Christi; TX,US,20,512,2780,-9739,CRP,KCRP,America/Chicago
114,Curitiba,BR,65,41,-2543,-4928,CWB,SBCT,America/Sao_Paulo
115,Dakar,SN,90,,1467,-1744,DKR,GOOY,Africa/Dakar
116,Dallas; TX,US,20,214,3279,-9677,DFW,KDFW,America/Chicago
117,Damascus,SY,1007,11,3351,3630,DAM,OSDI,Asia/Damascus
118,Dar es Salaam,TZ,155,51,-682,3928,DAR,HTDA,Africa/Dar_es_Salaam
119,Darwin; NT,AU,245,89,-1243,13085,DRW,YPDN,Australia/Darwin
120,Dayton; OH,US,35,513,3974,-8417,DAY,KDAY,America/New_York
121,Delhi,IN,190,11,2873,7746,DEL,VIDP,Asia/Kolkata
122,Denver; CO,US,10,303,3976,-10499,DEN,KDEN,America/Denver
123,Des Moines; IA,US,20,515,4160,-9360,DSM,KDSM,America/Chicago
124,Detroit; MI,US,35,313,4234,-8304,DTW,KDTW,America/Detroit
125,Dhaka,BD,1001,2,2371,9041,DAC,VGZR,Asia/Dhaka
126,Dijon,FR,105,3,4732,504,DIJ,LFSD,Europe/Paris
127,Djibouti,DJ,155,,1159,4315,JIB,HDAM,Africa/Djibouti
128,Doha,QA,150,,2530,5151,DOH,OTBD,Asia/Qatar
129,Dortmund,DE,110,231,5150,750,DTM,EDLW,Europe/Berlin
130,Dresden,DE,110,351,5106,1373,DRS,EDDC,Europe/Berlin
131,Dublin,IE,85,1,5335,-624,DUB,EIDW,Europe/Dublin
132,Dushanbe,TJ,185,3772,3857,6878,DYU,UTDD,Asia/Dushanbe
133,Dusseldorf,DE,110,211,5120,673,DUS,EDDL,Europe/Berlin
134,Edinburgh,UK,85,131,5594,-320,EDI,EGPH,Europe/London
135,Edmonton; AB,CA,10,403,5355,-11350,YEG,CYEG,America/Edmonton
136,El Paso; TX,US,10,915,3175,-10648,ELP,KELP,America/Denver
137,Erfurt,DE,110,361,5099,1103,ERF,EDDE,Europe/Berlin
138,Eugene; OR,US,4,541,4407,-12307,EUG,KEUG,America/Los_Angeles
139,Evansville; IN,US,20,812,3797,-8755,EVV,KEVV,America/Chicago
140,Florence,IT,110,55,4377,1125,FLR,LIRQ,Europe/Rome
141,Fort Defiance; AZ,US,15,520,3590,-10916,,KGUP,America/Denver
142,Fort Lauderdale; FL,US,35,954,2612,-8014,FLL,KFLL,America/New_York
143,Fort Wayne; IN,US,35,219,4113,-8512,FWA,KFWA,America/Indiana/Indianapolis
144,Fort Worth; TX,US,20,817,3272,-9732,DFW,KDFW,America/Chicago
145,Fortaleza,BR,65,85,-374,-3852,FOR,SBFZ,America/Fortaleza
146,Frankfurt,DE,110,69,5010,866,FRA,EDDF,Europe/Berlin
147,Freetown,SL,90,22,848,-1323,FNA,GFLL,Africa/Freetown
148,Freiburg,DE,110,761,4799,785,QFB,EDTL,Europe/Berlin
149,Fremont; CA,US,4,510,3756,-12200,OAK,KOAK,America/Los_Angeles
150,Fresno; CA,US,4,209,3674,-11977,FAT,KFAT,America/Los_Angeles
151,Fukuoka,JP,235,92,3356,13040,FUK,RJFF,Asia/Tokyo
152,Gaborone,BW,140,,-2465,2591,GBE,FBSK,Africa/Gaborone
153,Galway,IE,85,91,5327,-905,GWY,EIKN,Europe/Dublin
154,Geneva,CH,110,22,4614,604,GVA,LSGG,Europe/Zurich
155,Genova,IT,110,10,4442,893,GOA,LIMJ,Europe/Rome
156,George Town,KY,45,345,1933,-8140,CYB,MWCR,America/Cayman
157,Georgetown,GY,55,2,680,-5815,GEO,SYCJ,America/Guyana
158,Glasgow,UK,85,141,5584,-424,GLA,EGPF,Europe/London
159,Glendale; CA,US,4,818,3414,-11825,JGX,KBUR,America/Los_Angeles
160,Granada,ES,105,958,3718,-360,GRX,LEGR,Europe/Madrid
161,Grand Rapids; MI,US,35,616,4295,-8568,GRR,KGRR,America/Detroit
162,Guadalajara,MX,-2147483581,3,2066,-10333,GDL,MMGL,America/Mexico_City
163,Guangzhou,CN,210,20,2312,11323,CAN,ZGGG,Asia/Shanghai
164,Guatemala City,GT,33,2,1461,-9055,GUA,MGGT,America/Guatemala
165,Haikou,CN,210,898,2004,11034,HAK,ZJSY,Asia/Shanghai
166,Halifax; NS,CA,50,902,4440,-6334,YHZ,CYHZ,America/Halifax
167,Hamburg,DE,110,40,5356,1001,HAM,EDDH,Europe/Berlin
168,Hamilton,BM,50,441,3229,-6477,BDA,TXKF,Atlantic/Bermuda
169,Hannover,DE,110,511,5239,975,HAJ,EDDV,Europe/Berlin
170,Hanoi,VN,205,4,2102,10585,HAN,VVNB,Asia/Ho_Chi_Minh
171,Harare,ZW,140,4,-1782,3105,HRE,FVHA,Africa/Harare
172,Harbin,CN,210,451,4575,12662,HRB,ZYHB,Asia/Shanghai
173,Hartford; CT,US,35,860,4176,-7268,BDL,KBDL,America/New_York
174,Havana,CU,1002,7,2313,-8237,HAV,MUHA,America/Havana
175,Helsinki,FI,125,9,6010,2453,HEL,EFHK,Europe/Helsinki
176,Hiroshima,JP,235,82,3436,13247,HIJ,RJOA,Asia/Tokyo
177,Hobart; TAS,AU,265,2,-4284,14729,HBA,YMHB,Australia/Hobart
178,Hong Kong SAR,CN,210,,2244,11409,HKG,VHHH,Asia/Hong_Kong
179,Honiara,SB,280,,-943,15994,HIR,AGGH,Pacific/Guadalcanal
180,Honolulu; HI,US,2,808,2130,-15785,HNL,PHNL,Pacific/Honolulu
181,Houston; TX,US,20,713,2976,-9536,IAH,KIAH,America/Chicago
182,Hull; PQ,CA,35,819,4527,-7545,YND,CYND,America/Toronto
183,Huntsville; AL,US,20,205,3471,-8656,HSV,KHSV,America/Chicago
184,Indianapolis; IN,US,35,317,3976,-8615,IND,KIND,America/Indiana/Indianapolis
185,Irkutsk,RU,227,3952,5233,10425,IKT,UIII,Asia/Irkutsk
186,Islamabad,PK,185,51,3371,7309,ISB,OPRN,Asia/Karachi
187,Istanbul,TR,1000,212,4101,2896,IST,LTBA,Europe/Istanbul
188,Jackson; MS,US,20,601,3229,-9018,JAN,KJAN,America/Chicago
189,Jacksonville; FL,US,35,904,3033,-8165,JAX,KJAX,America/New_York
190,Jakarta,ID,205,21,-616,10681,CGK,WIII,Asia/Jakarta
191,Jerusalem,IL,135,2,3178,3521,JRS,LLJR,Asia/Jerusalem
192,Kabul,AF,175,,3453,6916,KBL,OAKB,Asia/Kabul
193,Kampala,UG,155,41,32,3257,EBB,HUEN,Africa/Kampala
194,Kanazawa,JP,235,762,3656,13665,KMQ,RJNK,Asia/Tokyo
195,Kansas City; KS,US,20,913,3911,-9462,KCK,KMKC,America/Chicago
196,Kansas City; MO,US,20,816,3909,-9457,MCI,KMCI,America/Chicago
197,Karachi,PK,185,21,2489,6710,KHI,OPKC,Asia/Karachi
198,Kathmandu,NP,193,1,2771,8531,KTM,VNKT,Asia/Kathmandu
199,Kelowna; BC,CA,4,250,4952,-11927,YLW,CYLW,America/Vancouver
200,Khartoum,SD,1006,11,1558,3252,KRT,HSSS,Africa/Khartoum
201,Kyiv,UA,125,44,5043,3052,IEV,UKKK,Europe/Kyiv
202,Kigali,RW,140,,-195,3006,KGL,HRYR,Africa/Kigali
203,Kingston,JM,40,876,1796,-7679,KIN,MKJP,America/Jamaica
204,Kinshasa,CD,113,,-431,1532,FIH,FZAA,Africa/Kinshasa
205,Knoxville; TN,US,35,423,3596,-8392,TYS,KTYS,America/New_York
206,Kobe,JP,235,78,3468,13519,KIX,RJBB,Asia/Tokyo
207,Kochi,JP,235,888,3355,13354,KCZ,RJOK,Asia/Tokyo
208,Kolkata (Calcutta),IN,190,33,2251,8832,CCU,VECC,Asia/Kolkata
209,Krasnoyarsk,RU,207,3912,5603,9306,KJA,UNAA,Asia/Krasnoyarsk
210,Kuala Lumpur,MY,215,3,317,10169,KUL,WMKK,Asia/Kuala_Lumpur
211,Kuwait,KW,150,,2937,4797,KWI,OKBK,Asia/Kuwait
212,Kwangju,KR,230,62,3515,12691,KWJ,RKJJ,Asia/Seoul
213,Kyoto,JP,235,75,3498,13577,KIX,RJBB,Asia/Tokyo
214,La Coruna,ES,105,981,4336,-840,LCG,LECO,Europe/Madrid
215,La Paz,BO,55,2,-1650,-6814,LPB,SLLP,America/La_Paz
216,Lansing; MI,US,35,517,4272,-8456,LAN,KLAN,America/Detroit
217,Laredo; TX,US,20,956,2751,-9949,LRD,KLRD,America/Chicago
218,Las Vegas; NV,US,4,702,3617,-11513,LAS,KLAS,America/Los_Angeles
219,Leipzig,DE,110,341,5135,1240,LEJ,EDDP,Europe/Berlin
220,Lexington; KY,US,35,606,3804,-8450,LEX,KLEX,America/New_York
221,Lhasa,CN,210,891,2965,9113,LXA,ZULS,Asia/Shanghai
222,Libreville,GA,113,,39,945,LBV,FOOL,Africa/Libreville
223,Lille,FR,105,3,5063,304,LIL,LFQQ,Europe/Paris
224,Lilongwe,MW,140,,-1398,3377,LLW,FVHA,Africa/Blantyre
225,Lima,PE,45,1,-1204,-7705,LIM,SPIM,America/Lima
226,Limerick,IE,85,61,5267,-862,LMK,EINN,Europe/Dublin
227,Limoges,FR,105,5,4583,126,LIG,LFBL,Europe/Paris
228,Lincoln; NE,US,20,402,4080,-9666,LNK,KLNK,America/Chicago
229,Lisbon,PT,85,1,3872,-919,LIS,LPPT,Europe/Lisbon
230,Little Rock; AR,US,20,501,3474,-9228,LIT,KLIT,America/Chicago
231,Liverpool,UK,85,151,5339,-296,LPL,EGGP,Europe/London
232,Ljubljana,SI,95,61,4606,1451,LJU,LJLJ,Europe/Ljubljana
233,Lome,TG,90,,613,123,LFW,DXXX,Africa/Lome
234,London,UK,85,20,5151,-6,LHR,EGLL,Europe/London
235,Londonderry,UK,85,1504,5499,-731,LDY,EGAE,Europe/London
236,Long Beach; CA,US,4,562,3376,-11818,LGB,KLGB,America/Los_Angeles
237,Los Angeles; CA,US,4,213,3405,-11824,LAX,KLAX,America/Los_Angeles
238,Louisville; KY,US,35,502,3825,-8575,LJC,KSDF,America/Kentucky/Louisville
239,Luanda,AO,113,2,-881,1324,LAD,FNLU,Africa/Luanda
240,Lubbock; TX,US,20,806,3357,-10185,LBB,KLBB,America/Chicago
241,Lusaka,ZM,140,1,-1542,2829,LUN,FLLS,Africa/Lusaka
242,Luxembourg,LU,105,,4960,613,LUX,ELLX,Europe/Luxembourg
243,Lyon,FR,105,4,4576,483,LYS,LFLL,Europe/Paris
244,Madison; WI,US,20,608,4307,-8940,MSN,KMSN,America/Chicago
245,Madrid,ES,105,91,4040,-368,MAD,LEMD,Europe/Madrid
246,Malabo,GQ,113,9,375,878,SSG,FGSL,Africa/Malabo
247,Malaga,ES,105,95,3672,-442,AGP,LEMG,Europe/Madrid
248,Male,MV,190,,417,7350,MLE,VRMM,Indian/Maldives
249,Managua,NI,33,2,1215,-8627,MGA,MNMG,America/Managua
250,Manama,BH,150,,2622,5058,BAH,OBBI,Asia/Bahrain
251,Manaus,BR,-2147483576,92,-313,-6001,MAO,SBEG,America/Manaus
252,Manchester,UK,85,161,5347,-223,MAN,EGCC,Europe/London
253,Manila,PH,215,2,1460,12098,MNL,RPLL,Asia/Manila
254,Maputo,MZ,140,1,-2596,3257,MPM,FQMA,Africa/Maputo
255,Maracaibo,VE,-2147483573,61,1065,-7164,MAR,SVMC,America/Caracas
256,Marseille,FR,105,4,4329,536,MRS,LFML,Europe/Paris
257,Maseru,LS,140,,-2931,2749,MSU,FXMM,Africa/Maseru
258,Masqat,OM,165,,2360,5854,MCT,OOMS,Asia/Muscat
259,Mbabane,SZ,140,,-2632,3114,QMN,FDMS,Africa/Mbabane
260,Medellin,CO,45,4,625,-7558,MDE,SKRG,America/Bogota
261,Melbourne; VIC,AU,255,3,-3788,14503,MEL,YMML,Australia/Melbourne
262,Memphis; TN,US,20,901,3514,-9004,MEM,KMEM,America/Chicago
263,Metz,FR,105,3,4912,618,MZM,LFSF,Europe/Paris
264,Mexico City,MX,-2147483581,5,1945,-9914,MEX,MMMX,America/Mexico_City
265,Miami; FL,US,35,305,2577,-8019,MIA,KMIA,America/New_York
266,Milan,IT,110,2,4547,918,MXP,LIMC,Europe/Rome
267,Milwaukee; WI,US,20,414,4303,-8790,MKE,KMKE,America/Chicago
268,Minneapolis; MN,US,20,612,4498,-9326,MSP,KMSP,America/Chicago
269,Minsk,BY,1008,172,5390,2760,MSQ,UMMS,Europe/Minsk
270,Mobile; AL,US,20,334,3069,-8804,MOB,KMOB,America/Chicago
271,Mogadishu,SO,155,1,204,4534,MGQ,HCMM,Africa/Mogadishu
272,Monaco,MC,105,,4374,741,MCM,LFMN,Europe/Monaco
273,Monrovia,LR,90,,630,-1080,MLW,GFLL,Africa/Monrovia
274,Monterrey,MX,-2147483581,83,2568,-10030,MTY,MMMY,America/Monterrey
275,Montevideo,UY,-2147483575,2,-3490,-5617,MVD,SUMU,America/Montevideo
276,Montreal; PQ,CA,35,514,4530,-7334,YUL,CYUL,America/Toronto
277,Morioka,JP,235,196,3969,14114,HNA,RJCC,Asia/Tokyo
278,Moscow,RU,145,95,5574,3758,SVO,UUEE,Europe/Moscow
279,Mumbai,IN,190,22,1907,7282,BOM,VABB,Asia/Kolkata
280,Munich,DE,110,89,4813,1157,MUC,EDDM,Europe/Berlin
281,Murmansk,RU,145,8152,6897,3308,MMK,ULMM,Europe/Moscow
282,Nagano,JP,235,262,3665,13819,MMJ,RJAF,Asia/Tokyo
283,Nagasaki,JP,235,958,3271,12987,NGS,RJFU,Asia/Tokyo
284,Nagoya,JP,235,52,3514,13688,NGO,RJNN,Asia/Tokyo
285,Nairobi,KE,155,2,-128,3681,NBO,HKJK,Africa/Nairobi
286,Nanjing,CN,210,25,3204,11878,NKG,ZSNJ,Asia/Shanghai
287,Naples,IT,110,81,4083,1426,NAP,LIRN,Europe/Rome
288,Nashville; TN,US,20,615,3616,-8678,BNA,KBNA,America/Chicago
289,Nassau,BS,35,242,2505,-7734,NAS,MYNN,America/Nassau
290,N'Djamena,TD,113,51,1210,1505,NDJ,FTTJ,Africa/Ndjamena
291,New Orleans; LA,US,20,504,2995,-9007,MSY,KMSY,America/Chicago
292,New York; NY,US,35,212,4074,-7399,JFK,KJFK,America/New_York
293,Newark; NJ,US,35,201,4073,-7417,EWR,KEWR,America/New_York
294,Niamey,NE,113,,1351,212,NIM,DRRN,Africa/Niamey
295,Nicosia,CY,130,2,3518,3336,NIC,LCLK,Asia/Nicosia
296,Norwich,UK,85,1603,5264,129,NWI,EGSH,Europe/London
297,Nouakchott,MR,90,,1810,-1595,NKC,GQNN,Africa/Nouakchott
298,Novosibirsk,RU,201,3832,5502,8293,OVB,UNBB,Asia/Novosibirsk
299,Nuku'alofa,TO,300,,-2113,-17520,TBU,NFTF,Pacific/Tongatapu
300,Nuuk,GL,73,,6419,-5172,GOH,BGGH,America/Nuuk
301,Oakland; CA,US,4,510,3777,-12221,OAK,KOAK,America/Los_Angeles
302,Oklahoma City; OK,US,20,405,3546,-9752,OKC,KOKC,America/Chicago
303,Omaha; NE,US,20,402,4125,-9593,OMA,KOMA,America/Chicago
304,Orlando; FL,US,35,407,2853,-8138,ORL,KORL,America/New_York
305,Osaka,JP,235,6,3467,13547,KIX,RJBB,Asia/Tokyo
306,Oshawa; ON,CA,35,905,4354,-7851,YOO,CYYZ,America/Toronto
307,Oslo,NO,110,2,5991,1073,FBU,ENFB,Europe/Oslo
308,Ottawa; ON,CA,35,613,4525,-7540,YOW,CYOW,America/Toronto
309,Ouagadougou,BF,90,,1236,-153,OUA,DFFD,Africa/Ouagadougou
310,Overland Park; KS,US,20,913,3902,-9466,MCI,KMCI,America/Chicago
311,Oviedo,ES,105,98,4337,-584,OVD,LEAS,Europe/Madrid
312,Palermo,IT,110,91,3812,1336,PMO,LICJ,Europe/Rome
313,Palma de Mallorca,ES,105,971,3957,265,PMI,LEPA,Europe/Madrid
314,Panama City,PA,45,,901,-7950,PTY,MPTO,America/Panama
315,Paramaribo,SR,70,,583,-5517,PBM,SMJP,America/Paramaribo
316,Paris,FR,105,1,4886,235,CDG,LFPG,Europe/Paris
317,Pasadena; CA,US,4,818,3414,-11814,BUR,KBUR,America/Los_Angeles
318,Pasadena; TX,US,20,713,2969,-9520,IAH,KIAH,America/Chicago
319,Peoria; IL,US,20,309,4069,-8958,PIA,KPIA,America/Chicago
320,Perth; WA,AU,225,9,-3193,11576,PER,YPPH,Australia/Perth
321,Perugia,IT,110,75,4311,1238,PEG,LIRZ,Europe/Rome
322,Philadelphia; PA,US,35,215,3995,-7516,PHL,KPHL,America/New_York
323,Phnom Penh,KH,205,23,1156,10492,PNH,VDPP,Asia/Phnom_Penh
324,Phoenix; AZ,US,15,602,3344,-11207,PHX,KPHX,America/Phoenix
325,Pisa,IT,110,50,4371,1041,PSA,LIRP,Europe/Rome
326,Pittsburgh; PA,US,35,412,4044,-8000,PIT,KPIT,America/New_York
327,Plymouth,UK,85,1752,5037,-414,PLH,EGDB,Europe/London
328,Port Louis,MU,165,,-2017,5750,MRU,FIMP,Indian/Mauritius
329,Port Moresby,PG,275,,-948,14719,POM,AYPY,Pacific/Port_Moresby
330,Port-au-Prince,HT,1003,,1853,-7233,PAP,MTPP,America/Port-au-Prince
331,Portland; OR,US,4,503,4552,-12267,PDX,KPDX,America/Los_Angeles
332,Porto,PT,85,2,4116,-861,OPO,LPPR,Europe/Lisbon
333,Porto Alegre,BR,65,51,-3004,-5122,POA,SBPA,America/Sao_Paulo
334,Port-of-Spain,TT,55,868,1067,-6151,POS,TTPP,America/Port_of_Spain
335,Porto-Novo,BJ,113,,648,263,COO,DBBB,Africa/Porto-Novo
336,Prague,CZ,95,2,5007,1444,PRG,LKPR,Europe/Prague
337,Praia,CV,83,,1488,-2350,RAI,GVAC,Atlantic/Cape_Verde
338,Pretoria,ZA,140,12,-2572,2822,PRY,FAWB,Africa/Johannesburg
339,Providence; RI,US,35,401,4182,-7141,PVD,KPVD,America/New_York
340,Puebla de Zaragoza,MX,-2147483581,22,1905,-9821,PBC,MMPB,America/Mexico_City
341,Busan,KR,230,51,3510,12904,PUS,RKPK,Asia/Seoul
342,Pyongyang,KP,230,2,3901,12577,FNJ,ZKPY,Asia/Pyongyang
343,Quebec City; PQ,CA,35,418,4649,-7113,YQB,CYQB,America/Toronto
344,Quito,EC,45,2,-22,-7850,UIO,SEQU,America/Guayaquil
345,Rabat,MA,90,7,3402,-683,RBA,GMME,Africa/Casablanca
346,Raleigh; NC,US,35,919,3577,-7863,RDU,KRDU,America/New_York
347,Recife,BR,65,81,-805,-3490,REC,SBRF,America/Recife
348,Redmond; WA,US,4,425,4766,-12212,SEA,KSEA,America/Los_Angeles
349,Reggio Calabria,IT,110,965,3811,1565,REG,LICR,Europe/Rome
350,Regina; SK,CA,25,306,5030,-10430,YQR,CYQR,America/Regina
351,Reykjavik,IS,90,1,6414,-2194,KEF,BIKF,Atlantic/Reykjavik
352,Richmond; VA,US,35,804,3755,-7746,RIC,KRIC,America/New_York
353,Riga,LV,125,2,5695,2410,RIX,EVRA,Europe/Riga
354,Rio de Janeiro,BR,65,21,-2290,-4317,GIG,SBGL,America/Sao_Paulo
355,Riyadh,SA,150,1,2464,4674,RUH,OERK,Asia/Riyadh
356,Rockford; IL,US,20,815,4227,-8908,RFD,KRFD,America/Chicago
357,Rome,IT,110,6,4189,1249,FCO,LIRF,Europe/Rome
358,Roseau,DM,55,767,1530,-6139,DOM,TDPD,America/Dominica
359,Roswell; NM,US,10,505,3323,-10431,ROW,KROW,America/Denver
360,Rouen,FR,105,2,4944,109,URO,LFOP,Europe/Paris
361,Sacramento; CA,US,4,916,3858,-12149,SAC,KSAC,America/Los_Angeles
362,Saint John; NB,CA,50,506,4520,-6557,YSJ,CYSJ,America/Moncton
363,Saint Louis; MO,US,20,314,3862,-9019,STL,KSTL,America/Chicago
364,Saint Paul; MN,US,20,612,4494,-9309,STP,KSTP,America/Chicago
365,Salt Lake City; UT,US,10,801,4075,-11186,SLC,KSLC,America/Denver
366,Salvador,BR,65,71,-1297,-3850,SSA,SBSV,America/Bahia
367,Salzburg,AT,110,662,4780,1305,SZG,LOWS,Europe/Vienna
368,San Antonio; TX,US,20,210,2942,-9849,SAT,KSAT,America/Chicago
369,San Bernardino; CA,US,4,909,3412,-11730,SBT,KRAL,America/Los_Angeles
370,San Diego; CA,US,4,619,3271,-11715,SAN,KSAN,America/Los_Angeles
371,San Francisco; CA,US,4,415,3777,-12241,SFO,KSFO,America/Los_Angeles
372,San Jose,CR,33,,993,-8407,SJO,MROC,America/Costa_Rica
373,San Jose; CA,US,4,408,3733,-12189,SJC,KSJC,America/Los_Angeles
374,San Salvador,SV,33,,1370,-8920,SAL,MSLP,America/El_Salvador
375,Sana'a,YE,155,1,1536,4421,SAH,OYSN,Asia/Aden
376,Santa Ana; CA,US,4,714,3375,-11785,SNA,KSNA,America/Los_Angeles
377,Santa Rosa; CA,US,4,707,3844,-12275,STS,KSTS,America/Los_Angeles
378,Santander,ES,105,942,4347,-380,SDR,LEXJ,Europe/Madrid
379,Santiago,CL,56,2,-3345,-7067,SCL,SCEL,America/Santiago
380,Santo Domingo,DO,55,809,1849,-6989,SDQ,MDSD,America/Santo_Domingo
381,Sao Paulo,BR,65,11,-2355,-4658,GRU,SBGR,America/Sao_Paulo
382,Sapporo,JP,235,11,4306,14138,CTS,RJCC,Asia/Tokyo
383,Sarajevo,BA,100,71,4387,1842,SJJ,LQSA,Europe/Sarajevo
384,Saskatoon; SK,CA,25,306,5209,-10636,YXE,CYXE,Canada/Saskatchewan
385,Savannah; GA,US,35,912,3208,-8110,SAV,KSAV,America/New_York
386,Seattle; WA,US,4,206,4760,-12233,SEA,KSEA,America/Los_Angeles
387,Sendai,JP,235,22,3825,14091,SDJ,RJSS,Asia/Tokyo
388,Seoul,KR,230,2,3756,12697,SEL,RKSS,Asia/Seoul
389,Sevilla,ES,105,95,3738,-599,SVQ,LEZL,Europe/Madrid
390,Shanghai,CN,210,21,3122,12147,SHA,ZSSS,Asia/Shanghai
391,Shreveport; LA,US,20,318,3250,-9374,SHV,KSHV,America/Chicago
392,Simi Valley; CA,US,4,805,3427,-11879,BUR,KBUR,America/Los_Angeles
393,Singapore,SG,215,,128,10384,SIN,WSSS,Asia/Singapore
394,Sioux Falls; SD,US,20,605,4355,-9670,FSD,KFSD,America/Chicago
395,Skopje,MK,100,1 91,4200,2147,SKP,LWSK,Europe/Skopje
396,Sofia,BG,125,2,4271,2333,SOF,LBSF,Europe/Sofia
397,South Bend; IN,US,35,219,4168,-8625,SBN,KSBN,America/Indiana/Indianapolis
398,Spokane; WA,US,4,509,4765,-11742,GEG,KGEG,America/Los_Angeles
399,Springfield; IL,US,20,217,3980,-8964,SPI,KSPI,America/Chicago
400,Springfield; MA,US,35,413,4210,-7259,BDL,KBDL,America/New_York
401,Springfield; MO,US,20,417,3721,-9329,SGF,KSGF,America/Chicago
402,Sri Jayawardenepura,LK,200,1,689,7991,CMB,VCBI,Asia/Colombo
403,St. Catharines; ON,CA,35,905,4311,-7914,YCM,CYSN,America/Toronto
404,St. John's; NF,CA,60,709,4704,-5242,YYT,CYYT,America/St_Johns
405,St. Petersburg,RU,145,812,5993,3029,LED,ULLI,Europe/Moscow
406,St. Petersburg; FL,US,35,813,2777,-8267,PIE,KPIE,America/New_York
407,Stockholm,SE,110,8,5929,1803,ARN,ESSA,Europe/Stockholm
408,Stockton; CA,US,4,209,3795,-12128,SCK,KSCK,America/Los_Angeles
409,Strasbourg,FR,105,3,4858,777,SXB,LFST,Europe/Paris
410,Stuttgart,DE,110,711,4878,918,STR,EDDS,Europe/Berlin
411,Sucre,BO,55,64,-1904,-6526,SRE,SLSU,America/La_Paz
412,Sunnyvale; CA,US,4,408,3737,-12202,SJC,KSJC,America/Los_Angeles
413,Suva,FJ,285,,-1813,17846,SUV,NFNA,Pacific/Fiji
414,Sydney; NSW,AU,255,2,-3396,15112,SYD,YSSY,Australia/Sydney
415,Syracuse; NY,US,35,315,4304,-7614,SYR,KSYR,America/New_York
416,Taejon,KR,230,42,3633,12743,QTW,RKTF,Asia/Seoul
417,Taipei,TW,220,2,2503,12150,TPE,RCTP,Asia/Taipei
418,Tallinn,EE,125,2,5942,2475,TLL,EETN,Europe/Tallinn
419,Tampa; FL,US,35,813,2794,-8245,TPA,KTPA,America/New_York
420,Taranto,IT,110,99,4050,1721,TAR,LIBG,Europe/Rome
421,T'bilisi,GE,-2147483577,32,4172,4478,TBS,UGGG,Asia/Tbilisi
422,Tegucigalpa,HN,33,,1409,-8721,TGU,MHTG,America/Tegucigalpa
423,Tehran,IR,160,21,3568,5141,THR,OIII,Asia/Tehran
424,Tel Aviv,IL,135,3,3207,3476,TLV,LLBG,Asia/Jerusalem
425,The Hague,NL,110,70,5209,432,HAG,EHRD,Europe/Amsterdam
426,Thimphu,BT,195,,2745,8967,PBH,VIDP,Asia/Thimphu
427,Thunder Bay; ON,CA,35,807,4827,-8912,YQT,CYQT,America/Thunder_Bay
428,Tirana,AL,100,42,4133,1983,TIA,LATI,Europe/Tirane
429,Tokyo,JP,235,3,3567,13976,NRT,RJAA,Asia/Tokyo
430,Toledo; OH,US,35,419,4166,-8355,TOL,KTOL,America/New_York
431,Torino,IT,110,11,4507,768,TRN,LIMF,Europe/Rome
432,Toronto; ON,CA,35,416,4366,-7940,YYZ,CYYZ,America/Toronto
433,Torrance; CA,US,4,310,3383,-11833,TOA,KTOA,America/Los_Angeles
434,Tashkent,UZ,185,3712,4131,6930,TAS,UTTT,Asia/Tashkent
435,Toulouse,FR,105,5,4360,143,TLS,LFBO,Europe/Paris
436,Tripoli,LY,1004,21,3289,1320,TIP,HLLT,Africa/Tripoli
437,Tucson; AZ,US,15,520,3222,-11092,TUS,KTUS,America/Phoenix
438,Tulsa; OK,US,20,918,3615,-9599,TUL,KTUL,America/Chicago
439,Tunis,TN,113,1,3681,1018,TUN,DTTA,Africa/Tunis
440,Ulaanbaatar,MN,227,1,4793,10691,ULN,ZMUB,Asia/Ulaanbaatar
441,Urumqi,CN,210,991,4379,8759,URC,ZWWW,Asia/Urumqi
442,Vaduz,LI,110,75,4713,954,QVU,EDNY,Europe/Vaduz
443,Valencia,ES,105,96,3947,-36,VLC,LEVC,Europe/Madrid
444,Valletta,MT,110,,3590,1452,MLA,LMML,Europe/Malta
445,Vancouver; BC,CA,4,604,4915,-12304,YVR,CYVR,America/Vancouver
446,Vatican City,VA,110,6,4190,1245,FCO,LIRF,Europe/Vatican
447,Venice,IT,110,41,4544,1232,VCE,LIPZ,Europe/Rome
448,Veracruz,MX,-2147483581,29,1919,-9613,VER,MMVR,America/Mexico_City
449,Victoria,SC,165,,-462,5545,SEZ,FSIA,Indian/Mahe
450,Vienna,AT,110,1,4813,1622,VIE,LOWW,Europe/Vienna
451,Vientiane,LA,205,21,1794,10263,VTE,VLVT,Asia/Vientiane
452,Vilnius,LT,125,2,5468,2531,VNO,EYVI,Europe/Vilnius
453,Vladivostok,RU,270,4232,4313,13190,VVO,UHWW,Asia/Vladivostok
454,Volgograd,RU,1010,8442,4875,4442,VOG,URWW,Europe/Volgograd
455,Waco; TX,US,20,254,3133,-9708,ACT,KACT,America/Chicago
456,Warsaw,PL,100,22,5224,2102,WAW,EPWA,Europe/Warsaw
457,Washington; DC,US,35,202,3889,-7704,IAD,KIAD,America/New_York
458,Wellington,NZ,290,4,-4126,17477,WLG,NZWN,Pacific/Auckland
459,Whitehorse; YT,CA,1011,403,6043,-13504,YXY,CYXY,America/Whitehorse
460,Windhoek,NA,-2147483578,61,-2256,1708,WDH,FYWH,Africa/Windhoek
461,Winnipeg; MB,CA,20,204,4954,-9707,YWG,CYWG,America/Winnipeg
462,Wuhan,CN,210,27,3055,11428,WUH,ZHHH,Asia/Shanghai
463,Xian,CN,210,29,3427,10888,SIA,ZLSN,Asia/Shanghai
464,Yakutsk,RU,240,411,6203,12972,YKS,UEEE,Asia/Yakutsk
465,Yangon,MM,203,1,1678,9615,RGN,VYYY,Asia/Yangon
466,Yaounde,CM,113,,387,1152,YAO,FKKY,Africa/Douala
467,Yekaterinburg,RU,180,3432,5685,6061,SVX,USSS,Asia/Yekaterinburg
468,Yellowknife; NT,CA,10,403,6228,-11425,YZF,CYZF,America/Yellowknife
469,Yerevan,AM,170,2,4021,4454,EVN,UGEE,Asia/Yerevan
470,Yokohama,JP,235,45,3545,13963,NRT,RJAA,Asia/Tokyo
471,Zagreb,HR,100,1,4581,1596,ZAG,LDZA,Europe/Zagreb
472,Zaragoza,ES,105,976,4165,-89,ZAZ,LEZG,Europe/Madrid
473,Zurich,CH,110,1,4722,832,ZRH,LSZH,Europe/Zurich
475,Christchurch,NZ,290,3,-4353,17262,CHC,NZCH,Pacific/Auckland
476,Palm Springs; CA,US,4,760,3383,-11654,PSP,KPSP,America/Los_Angeles
477,Bergerac,FR,105,5,4485,50,EGC,LFBE,Europe/Paris
478,Palmerston North,NZ,290,4,-4035,17562,PMR,NZWN,Pacific/Auckland
479,St. John's,AG,55,,1705,-6180,ANU,TAPA,America/Antigua
480,Pago Pago,AS,1,,-1427,-17070,PPG,NSTU,Pacific/Pago_Pago
481,The Valley,AI,55,,1820,-6307,AXA,TQPF,America/Anguilla
482,Oranjestad,AW,55,,1253,-7003,AUA,TNCA,America/Aruba
483,The Settlement,CX,205,,-1050,10567,XCH,YPXM,Pacific/Kiritimati
484,Moroni,KM,155,,-1172,4324,HAH,FMCH,Indian/Comoro
485,Avarua,CK,2,,-2120,-15977,RAR,NCRG,Pacific/Rarotonga
486,Abidjan,CI,90,,532,-404,ABJ,DIAP,Africa/Abidjan
487,Stanley,FK,900,,-5165,-5777,PSY,SFAL,Atlantic/Stanley
488,Thorshavn,FO,85,,6204,-676,FAE,EKVG,Atlantic/Faroe
489,Cayenne,GF,70,,491,-5238,CAY,SOCA,America/Cayenne
490,Papeete,PF,2,,-1753,-14956,PPT,NTAA,Pacific/Tahiti
491,Gibraltar,GI,105,,3613,-535,GIB,LXGB,Europe/Gibraltar
492,Saint George's,GD,55,,1204,-6174,GND,TGPY,America/Grenada
493,Basse-Terre,GP,55,,1599,-6172,PTP,TFFR,America/Guadeloupe
494,Tarawa,KI,285,,141,17300,TRW,NGTA,Pacific/Tarawa
495,Fort-de-France,MQ,55,,1460,-6108,FDF,TFFF,America/Martinique
496,Mamoudzou,YT,155,,-1278,4523,DZA,FMCZ,Indian/Mayotte
497,Montserrat,MS,55,,1670,-6221,MNI,TRPM,America/Montserrat
498,Yaren,NR,285,,-55,16692,INU,ANAU,Pacific/Nauru
499,Willemstad,AN,55,,1220,-6893,CUR,TNCC,America/Curacao
500,Noumea,NC,280,,-2227,16645,NOU,NWWW,Pacific/Noumea
501,Alofi,NU,1,,-1901,16992,IUE,NIUE,Pacific/Niue
502,Kingston,NF,1005,,-2903,16797,NLK,YSNF,Pacific/Norfolk
503,Saipan,MP,275,,1520,14572,SPN,PGSN,Pacific/Saipan
504,San Juan,PR,55,787,1846,-6610,SJU,TJSJ,America/Puerto_Rico
505,Saint-Denis,RE,165,,-2087,5547,RUN,FMEE,Indian/Reunion
506,Basseterre,KN,55,,1730,-6272,SKB,TKPK,America/St_Kitts
507,Castries,LC,55,,1402,-6100,SLU,TLPC,America/St_Lucia
508,San Marino,SM,110,,4392,1247,RMI,LIPR,Europe/San_Marino
509,Sao Tome,ST,90,,33,673,TMS,FPST,Africa/Sao_Tome
510,Jamestown,SH,90,,-1592,-570,ASI,FHAW,Atlantic/St_Helena
511,Kingstown,VC,55,,1315,-6123,SVD,TVSV,America/St_Vincent
512,Grytviken,GS,902,389,-5427,-3653,MPN,EGYP,Atlantic/South_Georgia
513,Dili,TP,230,,-852,12584,DIL,WPDL,Asia/Dili
514,Grand Turk,TC,1009,,2145,-7115,GDT,MBPV,America/Grand_Turk
515,Funafuti,TV,285,,-852,17922,FUN,NGFU,Pacific/Funafuti
516,Port-Vila,VU,280,,-1773,16832,VLI,NVVV,Pacific/Efate
517,Road Town,VG,55,,1842,-6460,EIS,TUPJ,America/Tortola
518,Charlotte Amalie,VI,55,,1834,-6493,STT,TIST,America/St_Thomas
519,Laayoune,EH,90,,2713,-1327,EUN,GMML,Africa/El_Aaiun
520,Las Palmas De Gran Canaria,ES,85,,2809,-1545,LPA,GCLP,Atlantic/Canary
521,Santa Cruz de Tenerife,ES,85,,2846,-1624,TFN,GCXO,Atlantic/Canary
